,CMPD_SMILES,SEQ,kcat,organism
0,O=c1ccn([C@@H]2O[C@H](COP(=O)(O)OP(=O)(O)O[C@H]3O[C@H](CO)[C@@H](O)[C@H](O)[C@H]3O)[C@@H](O)[C@H]2O)c(=O)[nH]1,MRLCVIGAGYVGLVTAACFAEMGNQVRCVERDRERVARLRRGEMPIYEPGLESILRDQLDAARLTFTASLAEGLADAEVVFIAVGTPCGEDGSADLSHVLAVAEQLGAQLRQACIVVNKSTVPVGTAERVEEIIRLGLARRRKRFRVAVASNPEFLKEGSAVDDFRRPDRVIIGSAETQAGETLRQLYAPFLRNHERVLLMGRREAEFSKYAANAFLATKISFMNEMAGLCALTGVDIEDVRRGMGSDKRIGTHFIYAGCGYGGSCFPKDVRALIRSAEQQGYDSQILRAVEARNARQKELLFETLGELFQGRWQGRTVALWGLAFKPGTDDLREAPSLVLLEALLRHGVRVRAHDPVANAGVAARYPEAVACARLTLHDSPYAAVEGADALVLVTEWKQFRQPDFQKIRGSMRTPLLVDGRNLYAPARMAELGFIYQGIGRPRAGHCKASAA,0.525,pseudomonas aeruginosa
1,O=c1ccn([C@@H]2O[C@H](COP(=O)(O)OP(=O)(O)O[C@H]3O[C@H](CO)[C@@H](O)[C@H](O)[C@H]3O)[C@@H](O)[C@H]2O)c(=O)[nH]1,MKISVFGSGYVGLVQAAVLAEVGHDVLCMDIDRNKVERLAQGLASIYEPGLDALLREGLDSGRLRFSSDARLAVEHGRVQFIAVGTPPGEDGAADLGAVFVVADAIAEHRRKPVIVVEKSTVPVGTGDRLRAHIERRLEADGRELEFEIVSNPEFLKEGSAVADCRRPDRIVVGCDNEEVRQVMRELYEPFNRNHDRMLFMGLRSAELTKYAANGMLATKISFINQIAELAEHLGADIEAVRQGIGADPRIGYHFIYPGCGYGGSCFPKDMRALIHSAEQAHCSSDLLQAVEAINRRQKHKLFERIRVFYDGDLRGKTFALWGLAFKPNTDDMRDAPSRELMEALWRHGAQVRAYDPEAMQETQRLYGHDERLSLMGTPEATLGGADALVICTEWQQFKAPDFELLKERLKAPVIFDGRNLYDPERMARHGFHYYPMGRGQSCSLPINEASLAQEDGMRLLRQA,0.525,pseudomonas aeruginosa
2,O=C(O)C(=O)Cc1ccccc1,MRILFFSSQAYDSESFQASNHRHGFELHFQQAHLQADTAVLAQGFEVVCAFVNDDLSRPVLERLAAGGTRLVALRSAGYNHVDLAAAEALGLPVVHVPAYSPHAVAEHAVGLILTLNRRLHRAYNRTREGDFSLHGLTGFDLHGKRVGVIGTGQIGETFARIMAGFGCELLAYDPYPNPRIQALGGRYLALDALLAESDIVSLHCPLTADTRHLIDAQRLATMKPGAMLINTGRGALVNAAALIEALKSGQLGYLGLDVYEEEADIFFEDRSDQPLQDDVLARLLSFPNVVVTAHQAFLTREALAAIADTTLDNIAAWQDGTPRNRVRA,18.0,pseudomonas aeruginosa
3,CCCC(=O)C(=O)[O-],MRILFFSSQAYDSESFQASNHRHGFELHFQQAHLQADTAVLAQGFEVVCAFVNDDLSRPVLERLAAGGTRLVALRSAGYNHVDLAAAEALGLPVVHVPAYSPHAVAEHAVGLILTLNRRLHRAYNRTREGDFSLHGLTGFDLHGKRVGVIGTGQIGETFARIMAGFGCELLAYDPYPNPRIQALGGRYLALDALLAESDIVSLHCPLTADTRHLIDAQRLATMKPGAMLINTGRGALVNAAALIEALKSGQLGYLGLDVYEEEADIFFEDRSDQPLQDDVLARLLSFPNVVVTAHQAFLTREALAAIADTTLDNIAAWQDGTPRNRVRA,69.0,pseudomonas aeruginosa
4,CCC(=O)C(=O)O,MRILFFSSQAYDSESFQASNHRHGFELHFQQAHLQADTAVLAQGFEVVCAFVNDDLSRPVLERLAAGGTRLVALRSAGYNHVDLAAAEALGLPVVHVPAYSPHAVAEHAVGLILTLNRRLHRAYNRTREGDFSLHGLTGFDLHGKRVGVIGTGQIGETFARIMAGFGCELLAYDPYPNPRIQALGGRYLALDALLAESDIVSLHCPLTADTRHLIDAQRLATMKPGAMLINTGRGALVNAAALIEALKSGQLGYLGLDVYEEEADIFFEDRSDQPLQDDVLARLLSFPNVVVTAHQAFLTREALAAIADTTLDNIAAWQDGTPRNRVRA,100.0,pseudomonas aeruginosa
5,CCCCC(=O)C(=O)[O-],MRILFFSSQAYDSESFQASNHRHGFELHFQQAHLQADTAVLAQGFEVVCAFVNDDLSRPVLERLAAGGTRLVALRSAGYNHVDLAAAEALGLPVVHVPAYSPHAVAEHAVGLILTLNRRLHRAYNRTREGDFSLHGLTGFDLHGKRVGVIGTGQIGETFARIMAGFGCELLAYDPYPNPRIQALGGRYLALDALLAESDIVSLHCPLTADTRHLIDAQRLATMKPGAMLINTGRGALVNAAALIEALKSGQLGYLGLDVYEEEADIFFEDRSDQPLQDDVLARLLSFPNVVVTAHQAFLTREALAAIADTTLDNIAAWQDGTPRNRVRA,160.0,pseudomonas aeruginosa
6,O=C(O)CC(=O)C(=O)O,MRILFFSSQAYDSESFQASNHRHGFELHFQQAHLQADTAVLAQGFEVVCAFVNDDLSRPVLERLAAGGTRLVALRSAGYNHVDLAAAEALGLPVVHVPAYSPHAVAEHAVGLILTLNRRLHRAYNRTREGDFSLHGLTGFDLHGKRVGVIGTGQIGETFARIMAGFGCELLAYDPYPNPRIQALGGRYLALDALLAESDIVSLHCPLTADTRHLIDAQRLATMKPGAMLINTGRGALVNAAALIEALKSGQLGYLGLDVYEEEADIFFEDRSDQPLQDDVLARLLSFPNVVVTAHQAFLTREALAAIADTTLDNIAAWQDGTPRNRVRA,410.0,pseudomonas aeruginosa
7,O=C(O)C(=O)CO,MRILFFSSQAYDSESFQASNHRHGFELHFQQAHLQADTAVLAQGFEVVCAFVNDDLSRPVLERLAAGGTRLVALRSAGYNHVDLAAAEALGLPVVHVPAYSPHAVAEHAVGLILTLNRRLHRAYNRTREGDFSLHGLTGFDLHGKRVGVIGTGQIGETFARIMAGFGCELLAYDPYPNPRIQALGGRYLALDALLAESDIVSLHCPLTADTRHLIDAQRLATMKPGAMLINTGRGALVNAAALIEALKSGQLGYLGLDVYEEEADIFFEDRSDQPLQDDVLARLLSFPNVVVTAHQAFLTREALAAIADTTLDNIAAWQDGTPRNRVRA,420.0,pseudomonas aeruginosa
8,O=CC(=O)O,MRILFFSSQAYDSESFQASNHRHGFELHFQQAHLQADTAVLAQGFEVVCAFVNDDLSRPVLERLAAGGTRLVALRSAGYNHVDLAAAEALGLPVVHVPAYSPHAVAEHAVGLILTLNRRLHRAYNRTREGDFSLHGLTGFDLHGKRVGVIGTGQIGETFARIMAGFGCELLAYDPYPNPRIQALGGRYLALDALLAESDIVSLHCPLTADTRHLIDAQRLATMKPGAMLINTGRGALVNAAALIEALKSGQLGYLGLDVYEEEADIFFEDRSDQPLQDDVLARLLSFPNVVVTAHQAFLTREALAAIADTTLDNIAAWQDGTPRNRVRA,880.0,pseudomonas aeruginosa
9,NC(=O)c1ccc[n+]([C@@H]2O[C@H](COP(=O)(O)OP(=O)(O)OC[C@H]3O[C@@H](n4cnc5c(N)ncnc54)[C@H](O)[C@@H]3O)[C@@H](O)[C@H]2O)c1,MKQIAFIGLGHMGAPMATNLLKAGYLLNVFDLVQSAVDGLVAAGASAARSARDAVQGADVVISMLPASQHVEGLYLDDDGLLAHIAPGTLVLECSTIAPTSARKIHAAARERGLAMLDAPVSGGTAGAAAGTLTFMVGGDAEALEKARPLFEAMGRNIFHAGPDGAGQVAKVCNNQLLAVLMIGTAEAMALGVANGLEAKVLAEIMRRSSGGNWALEVYNPWPGVMENAPASRDYSGGFMAQLMAKDLGLAQEAAQASASSTPMGSLALSLYRLLLKQGYAERDFSVVQKLFDPTQGQ,1.6,pseudomonas aeruginosa
10,O=C(O)[C@H](O)CO,MKQIAFIGLGHMGAPMATNLLKAGYLLNVFDLVQSAVDGLVAAGASAARSARDAVQGADVVISMLPASQHVEGLYLDDDGLLAHIAPGTLVLECSTIAPTSARKIHAAARERGLAMLDAPVSGGTAGAAAGTLTFMVGGDAEALEKARPLFEAMGRNIFHAGPDGAGQVAKVCNNQLLAVLMIGTAEAMALGVANGLEAKVLAEIMRRSSGGNWALEVYNPWPGVMENAPASRDYSGGFMAQLMAKDLGLAQEAAQASASSTPMGSLALSLYRLLLKQGYAERDFSVVQKLFDPTQGQ,5.8,pseudomonas aeruginosa
11,CC(O)C(N)C(=O)O,MKQIAFIGLGHMGAPMATNLLKAGYLLNVFDLVQSAVDGLVAAGASAARSARDAVQGADVVISMLPASQHVEGLYLDDDGLLAHIAPGTLVLECSTIAPTSARKIHAAARERGLAMLDAPVSGGTAGAAAGTLTFMVGGDAEALEKARPLFEAMGRNIFHAGPDGAGQVAKVCNNQLLAVLMIGTAEAMALGVANGLEAKVLAEIMRRSSGGNWALEVYNPWPGVMENAPASRDYSGGFMAQLMAKDLGLAQEAAQASASSTPMGSLALSLYRLLLKQGYAERDFSVVQKLFDPTQGQ,9.6,pseudomonas aeruginosa
12,COC(=O)C(C)(C)CO,MKQIAFIGLGHMGAPMATNLLKAGYLLNVFDLVQSAVDGLVAAGASAARSARDAVQGADVVISMLPASQHVEGLYLDDDGLLAHIAPGTLVLECSTIAPTSARKIHAAARERGLAMLDAPVSGGTAGAAAGTLTFMVGGDAEALEKARPLFEAMGRNIFHAGPDGAGQVAKVCNNQLLAVLMIGTAEAMALGVANGLEAKVLAEIMRRSSGGNWALEVYNPWPGVMENAPASRDYSGGFMAQLMAKDLGLAQEAAQASASSTPMGSLALSLYRLLLKQGYAERDFSVVQKLFDPTQGQ,11.6,pseudomonas aeruginosa
13,O=C(O)CC[C@H](O)C(=O)O,MTREALIESLKPLVEPGKLLDDAASLDAYGKDWTKHFAPAPLAIVFPKSVEQVQAIVRWANQHKVGLVPSGGRTGLSAAAVAANGEVVVAFDYMNRILDFNAFDRTVVCQPGVVTKQLQTFAEENGLYYPVDFASSGSSQIGGNIGTNAGGIKVIRYGMTRNWVAGMKVVTGKGDLLELNKDLIKNATGYDMRQLFIGAEGTLGFVVEATMRLERTPKNLTAMVLGTPDFDSIMPVLHAFQSKLDLTAFEFFSDKALAKVLARGDVPRAFETDCPFYALLEFEATTEEVANEALATFEHCVEQGWVLDGVMSQSEQQLQNLWKLREYISETISHWTPYKNDISVTVSRVPAFLKDIDAIVEANYPDFEVVWFGHIGDGNLHLNILKPENLGKDEFFAKCATVNKWVFETVEKYNGSISAEHGVGMTKRDYLTYTRSETEIAYMKALKAVFDPNGIMNPGKIFAE,11.0,pseudomonas aeruginosa
14,Nc1c(S(=O)(=O)O)cc(Nc2ccc(S(=O)(=O)O)c(Nc3nc(Cl)nc(Nc4cccc(S(=O)(=O)O)c4)n3)c2)c2c1C(=O)c1ccccc1C2=O,MIDGGNMSAAQPGILTPIPVVGRYLFFSISQPEQVAATLASLAAATDGYQLVVGIGHSLMLSLGKTVEGMKDYPVLAAPGIDLPSTPSALWCWLRGEDRGEVTLRSHALERSLAPAFQRTGAVDAFLYGEDRDLSGYKDGTENPKGDAALEAALVSGRGAGLDGGSFVAVQQWLHDFDRMQAIPGEEMDNIIGRRKSDDEELEDAPAYAHVKRTEQESFEPAAFLLRRGAPWSDEHRAGLLFAAFGRSFEAFEVQWLRMIGVEDGVLDGLFRFTRPISGSYFWCPPMADGRLDLSALGL,0.0235,pseudomonas aeruginosa
15,O=C([O-])CCS,MSSILRLDRLRQFIGELATLLDSRPDESTLLAQAHPLLAELVHQDDWLPEDCARPDPQRYQQYLLHVDSRQRFSVVSFVWGPGQITPVHDHRVWGLIGMLRGAEYSQPYAFDAGGRPHPSGARRRLEPGEVEALSPRIGDVHQVSNAFSDRTSISIHVYGANIGAVRRAVFSAEGEEKPFISGYSNSRLPNIWDLSKENPA,0.11285714,pseudomonas aeruginosa
16,CCC=[N+]([O-])[O-],MTDRFTRLLGIQQPIIQAPMLGVSTPALAAAVSNAGGLGSIAITGSAAEKGRALIREVRGLTDKPFNVNLFCHRPGQADPARERAWLDYLKPLFAEFGAEPPVRLKNIYLSFLEDPTLLPMLLEERPAAVSFHFGAPPRDQVRALQAVGIRVLVCATTPEEAALVEAAGADAVVAQGIEAGGHRGVFEPERGDAAIGTLALVRLLAARGSLPVVAAGGIMDGRGIRAALELGASAVQMGTAFVLCPESSANAAYREALKGPRAARTALTVTMSGRSARGLPNRMFFDAAAPGVPPLPDYPFVYDATKALQTAALARGNHDFAAQWAGQGAALARELPAAELLRTLVEELRG,1120.0,pseudomonas aeruginosa
17,O=C(O)C/C=[N+](/[O-])O,MTDRFTRLLGIQQPIIQAPMLGVSTPALAAAVSNAGGLGSIAITGSAAEKGRALIREVRGLTDKPFNVNLFCHRPGQADPARERAWLDYLKPLFAEFGAEPPVRLKNIYLSFLEDPTLLPMLLEERPAAVSFHFGAPPRDQVRALQAVGIRVLVCATTPEEAALVEAAGADAVVAQGIEAGGHRGVFEPERGDAAIGTLALVRLLAARGSLPVVAAGGIMDGRGIRAALELGASAVQMGTAFVLCPESSANAAYREALKGPRAARTALTVTMSGRSARGLPNRMFFDAAAPGVPPLPDYPFVYDATKALQTAALARGNHDFAAQWAGQGAALARELPAAELLRTLVEELRG,1300.0,pseudomonas aeruginosa
18,O=O,MTVLIQGAGIAGLALAREFTKAGIDWLLVERASEIRPIGTGITLASNALTALSSTLDLDRLFRRGMPLAGINVYAHDGSMLMSMPSSLGGNSRGGLALQRHELHAALLEGLDESRIRVGVSIVQILDGLDHERVTLSDGTVHDCSLVVGADGIRSSVRRYVWPEATLRHSGETCWRLVVPHRLEDAELAGEVWGHGKRLGFIQISPREMYVYATLKVRREEPEDEEGFVTPQRLAAHYADFDGIGASIARLIPSATTLVHNDLEELAGASWCRGRVVLIGDAAHAMTPNLGQGAAMALEDAFLLARLWCLAPRAETLILFQQQREARIEFIRKQSWIVGRLGQWESPWSVWLRNTLVRLVPNASRRRLHQRLFTGVGEMAAQ,1.2,pseudomonas aeruginosa
19,CCCc1cc(=O)c2ccccc2[nH]1,MTVLIQGAGIAGLALAREFTKAGIDWLLVERASEIRPIGTGITLASNALTALSSTLDLDRLFRRGMPLAGINVYAHDGSMLMSMPSSLGGNSRGGLALQRHELHAALLEGLDESRIRVGVSIVQILDGLDHERVTLSDGTVHDCSLVVGADGIRSSVRRYVWPEATLRHSGETCWRLVVPHRLEDAELAGEVWGHGKRLGFIQISPREMYVYATLKVRREEPEDEEGFVTPQRLAAHYADFDGIGASIARLIPSATTLVHNDLEELAGASWCRGRVVLIGDAAHAMTPNLGQGAAMALEDAFLLARLWCLAPRAETLILFQQQREARIEFIRKQSWIVGRLGQWESPWSVWLRNTLVRLVPNASRRRLHQRLFTGVGEMAAQ,2.3,pseudomonas aeruginosa
20,CCCCCCCCCc1cc(=O)c2ccccc2[nH]1,MTVLIQGAGIAGLALAREFTKAGIDWLLVERASEIRPIGTGITLASNALTALSSTLDLDRLFRRGMPLAGINVYAHDGSMLMSMPSSLGGNSRGGLALQRHELHAALLEGLDESRIRVGVSIVQILDGLDHERVTLSDGTVHDCSLVVGADGIRSSVRRYVWPEATLRHSGETCWRLVVPHRLEDAELAGEVWGHGKRLGFIQISPREMYVYATLKVRREEPEDEEGFVTPQRLAAHYADFDGIGASIARLIPSATTLVHNDLEELAGASWCRGRVVLIGDAAHAMTPNLGQGAAMALEDAFLLARLWCLAPRAETLILFQQQREARIEFIRKQSWIVGRLGQWESPWSVWLRNTLVRLVPNASRRRLHQRLFTGVGEMAAQ,2.5,pseudomonas aeruginosa
21,CCCCCCCc1cc(=O)c2ccccc2[nH]1,MTVLIQGAGIAGLALAREFTKAGIDWLLVERASEIRPIGTGITLASNALTALSSTLDLDRLFRRGMPLAGINVYAHDGSMLMSMPSSLGGNSRGGLALQRHELHAALLEGLDESRIRVGVSIVQILDGLDHERVTLSDGTVHDCSLVVGADGIRSSVRRYVWPEATLRHSGETCWRLVVPHRLEDAELAGEVWGHGKRLGFIQISPREMYVYATLKVRREEPEDEEGFVTPQRLAAHYADFDGIGASIARLIPSATTLVHNDLEELAGASWCRGRVVLIGDAAHAMTPNLGQGAAMALEDAFLLARLWCLAPRAETLILFQQQREARIEFIRKQSWIVGRLGQWESPWSVWLRNTLVRLVPNASRRRLHQRLFTGVGEMAAQ,2.7,pseudomonas aeruginosa
22,CCCCCc1cc(=O)c2ccccc2[nH]1,MTVLIQGAGIAGLALAREFTKAGIDWLLVERASEIRPIGTGITLASNALTALSSTLDLDRLFRRGMPLAGINVYAHDGSMLMSMPSSLGGNSRGGLALQRHELHAALLEGLDESRIRVGVSIVQILDGLDHERVTLSDGTVHDCSLVVGADGIRSSVRRYVWPEATLRHSGETCWRLVVPHRLEDAELAGEVWGHGKRLGFIQISPREMYVYATLKVRREEPEDEEGFVTPQRLAAHYADFDGIGASIARLIPSATTLVHNDLEELAGASWCRGRVVLIGDAAHAMTPNLGQGAAMALEDAFLLARLWCLAPRAETLILFQQQREARIEFIRKQSWIVGRLGQWESPWSVWLRNTLVRLVPNASRRRLHQRLFTGVGEMAAQ,3.0,pseudomonas aeruginosa
23,NC(=O)C1=CN([C@@H]2O[C@H](COP(=O)(O)OP(=O)(O)OC[C@H]3O[C@@H](n4cnc5c(N)ncnc54)[C@H](O)[C@@H]3O)[C@@H](O)[C@H]2O)C=CC1,MTVLIQGAGIAGLALAREFTKAGIDWLLVERASEIRPIGTGITLASNALTALSSTLDLDRLFRRGMPLAGINVYAHDGSMLMSMPSSLGGNSRGGLALQRHELHAALLEGLDESRIRVGVSIVQILDGLDHERVTLSDGTVHDCSLVVGADGIRSSVRRYVWPEATLRHSGETCWRLVVPHRLEDAELAGEVWGHGKRLGFIQISPREMYVYATLKVRREEPEDEEGFVTPQRLAAHYADFDGIGASIARLIPSATTLVHNDLEELAGASWCRGRVVLIGDAAHAMTPNLGQGAAMALEDAFLLARLWCLAPRAETLILFQQQREARIEFIRKQSWIVGRLGQWESPWSVWLRNTLVRLVPNASRRRLHQRLFTGVGEMAAQ,3.2,pseudomonas aeruginosa
24,NC(=O)C1=CN([C@@H]2O[C@H](COP(=O)(O)OP(=O)(O)OC[C@H]3O[C@@H](n4cnc5c(N)ncnc54)[C@H](OP(=O)(O)O)[C@@H]3O)[C@@H](O)[C@H]2O)C=CC1,MTVLIQGAGIAGLALAREFTKAGIDWLLVERASEIRPIGTGITLASNALTALSSTLDLDRLFRRGMPLAGINVYAHDGSMLMSMPSSLGGNSRGGLALQRHELHAALLEGLDESRIRVGVSIVQILDGLDHERVTLSDGTVHDCSLVVGADGIRSSVRRYVWPEATLRHSGETCWRLVVPHRLEDAELAGEVWGHGKRLGFIQISPREMYVYATLKVRREEPEDEEGFVTPQRLAAHYADFDGIGASIARLIPSATTLVHNDLEELAGASWCRGRVVLIGDAAHAMTPNLGQGAAMALEDAFLLARLWCLAPRAETLILFQQQREARIEFIRKQSWIVGRLGQWESPWSVWLRNTLVRLVPNASRRRLHQRLFTGVGEMAAQ,3.8,pseudomonas aeruginosa
25,O=C(O)CCC(=O)C(=O)O,MNAYLSDQPVRLSPLRDEQGNQPRFGLLLEPGRPGMHVGELPAQWLKGLARSHHLLLLRGFAAFADAESLTRYCHDFGEVMLWPFGAVLELVEQEGAEDHIFANNYVPLHWDGMYLETVPEFQVFHCVDAPGDSDGGRTTFSSTPAALQLADSSELELWRRASGRYQRSAAHYSSRSAAPIVERHPRREFPILRFCEPPVEGDASFINPSEFHYDGIAPEQRGELLASLRRCLYHPQAHYAHRWRSDDLVIADNLTLLHGREAFAHRAPRHLRRVHIHAEPALRNPHLQRD,2.3,pseudomonas aeruginosa
26,N[C@@H](CC=O)C(=O)O,MKRVGLIGWRGMVGSVLMQRMLEERDFDLIEPVFFTTSNVGGQGPEVGKDIAPLKDAYSIDELKTLDVILTCQGGDYTSEVFPKLREAGWQGYWIDAASSLRMEDDAVIVLDPVNRKVIDQALDAGTRNYIGGNCTVSLMLMALGGLFDAGLVEWMSAMTYQAASGAGAQNMRELLKQMGAAHASVADDLANPASAILDIDRKVAETLRSEAFPTEHFGAPLGGSLIPWIDKELPNGQSREEWKAQAETNKILARFKNPIPVDGICVRVGAMRCHSQALTIKLNKDVPLTDIEGLISQHNPWVKLVPNHREVSVRELTPAAVTGTLSVPVGRLRKLNMGSQYLGAFTVGDQLLWGAAEPLRRMLRILLER,160.0,pseudomonas aeruginosa
27,C[C@@H](N)C(=O)O,MRVLVLGSGVIGTASAYYLARAGFEVVVVDRQDGPALETSFANAGQVSPGYASPWAAPGIPLKAMKWLLEKHAPLAIKLTSDPSQYAWMLQMLRNCTAERYAVNKERMVRLSEYSRDCLDELRAETGIAYEGRTLGTTQLFRTQAQLDAAGKDIAVLERSGVPYEVLDRDGIARVEPALAKVADKLVGALRLPNDQTGDCQLFTTRLAEMAKGLGVEFRFGQNIERLDFAGDRINGVLVNGELLTADHYVLALGSYSPQLLKPLGIKAPVYPLKGYSLTVPITNPEMAPTSTILDETYKVAITRFDQRIRVGGMAEIAGFDLSLNPRRRETLEMITTDLYPEGGDISQATFWTGLRPATPDGTPIVGATRYRNLFLNTGHGTLGWTMACGSGRYLADLMAKKRPQISTEGLDISRYSNSPENAKNAHPAPAH,0.74,pseudomonas aeruginosa
28,CC(C)[C@@H](N)C(=O)O,MRVLVLGSGVIGTASAYYLARAGFEVVVVDRQDGPALETSFANAGQVSPGYASPWAAPGIPLKAMKWLLEKHAPLAIKLTSDPSQYAWMLQMLRNCTAERYAVNKERMVRLSEYSRDCLDELRAETGIAYEGRTLGTTQLFRTQAQLDAAGKDIAVLERSGVPYEVLDRDGIARVEPALAKVADKLVGALRLPNDQTGDCQLFTTRLAEMAKGLGVEFRFGQNIERLDFAGDRINGVLVNGELLTADHYVLALGSYSPQLLKPLGIKAPVYPLKGYSLTVPITNPEMAPTSTILDETYKVAITRFDQRIRVGGMAEIAGFDLSLNPRRRETLEMITTDLYPEGGDISQATFWTGLRPATPDGTPIVGATRYRNLFLNTGHGTLGWTMACGSGRYLADLMAKKRPQISTEGLDISRYSNSPENAKNAHPAPAH,0.78,pseudomonas aeruginosa
29,N[C@H](CO)C(=O)O,MRVLVLGSGVIGTASAYYLARAGFEVVVVDRQDGPALETSFANAGQVSPGYASPWAAPGIPLKAMKWLLEKHAPLAIKLTSDPSQYAWMLQMLRNCTAERYAVNKERMVRLSEYSRDCLDELRAETGIAYEGRTLGTTQLFRTQAQLDAAGKDIAVLERSGVPYEVLDRDGIARVEPALAKVADKLVGALRLPNDQTGDCQLFTTRLAEMAKGLGVEFRFGQNIERLDFAGDRINGVLVNGELLTADHYVLALGSYSPQLLKPLGIKAPVYPLKGYSLTVPITNPEMAPTSTILDETYKVAITRFDQRIRVGGMAEIAGFDLSLNPRRRETLEMITTDLYPEGGDISQATFWTGLRPATPDGTPIVGATRYRNLFLNTGHGTLGWTMACGSGRYLADLMAKKRPQISTEGLDISRYSNSPENAKNAHPAPAH,0.8,pseudomonas aeruginosa
30,N[C@H](Cc1c[nH]cn1)C(=O)O,MRVLVLGSGVIGTASAYYLARAGFEVVVVDRQDGPALETSFANAGQVSPGYASPWAAPGIPLKAMKWLLEKHAPLAIKLTSDPSQYAWMLQMLRNCTAERYAVNKERMVRLSEYSRDCLDELRAETGIAYEGRTLGTTQLFRTQAQLDAAGKDIAVLERSGVPYEVLDRDGIARVEPALAKVADKLVGALRLPNDQTGDCQLFTTRLAEMAKGLGVEFRFGQNIERLDFAGDRINGVLVNGELLTADHYVLALGSYSPQLLKPLGIKAPVYPLKGYSLTVPITNPEMAPTSTILDETYKVAITRFDQRIRVGGMAEIAGFDLSLNPRRRETLEMITTDLYPEGGDISQATFWTGLRPATPDGTPIVGATRYRNLFLNTGHGTLGWTMACGSGRYLADLMAKKRPQISTEGLDISRYSNSPENAKNAHPAPAH,0.84,pseudomonas aeruginosa
31,O=C(O)[C@H]1CCCN1,MRVLVLGSGVIGTASAYYLARAGFEVVVVDRQDGPALETSFANAGQVSPGYASPWAAPGIPLKAMKWLLEKHAPLAIKLTSDPSQYAWMLQMLRNCTAERYAVNKERMVRLSEYSRDCLDELRAETGIAYEGRTLGTTQLFRTQAQLDAAGKDIAVLERSGVPYEVLDRDGIARVEPALAKVADKLVGALRLPNDQTGDCQLFTTRLAEMAKGLGVEFRFGQNIERLDFAGDRINGVLVNGELLTADHYVLALGSYSPQLLKPLGIKAPVYPLKGYSLTVPITNPEMAPTSTILDETYKVAITRFDQRIRVGGMAEIAGFDLSLNPRRRETLEMITTDLYPEGGDISQATFWTGLRPATPDGTPIVGATRYRNLFLNTGHGTLGWTMACGSGRYLADLMAKKRPQISTEGLDISRYSNSPENAKNAHPAPAH,0.97,pseudomonas aeruginosa
32,N[C@H](Cc1ccccc1)C(=O)O,MRVLVLGSGVIGTASAYYLARAGFEVVVVDRQDGPALETSFANAGQVSPGYASPWAAPGIPLKAMKWLLEKHAPLAIKLTSDPSQYAWMLQMLRNCTAERYAVNKERMVRLSEYSRDCLDELRAETGIAYEGRTLGTTQLFRTQAQLDAAGKDIAVLERSGVPYEVLDRDGIARVEPALAKVADKLVGALRLPNDQTGDCQLFTTRLAEMAKGLGVEFRFGQNIERLDFAGDRINGVLVNGELLTADHYVLALGSYSPQLLKPLGIKAPVYPLKGYSLTVPITNPEMAPTSTILDETYKVAITRFDQRIRVGGMAEIAGFDLSLNPRRRETLEMITTDLYPEGGDISQATFWTGLRPATPDGTPIVGATRYRNLFLNTGHGTLGWTMACGSGRYLADLMAKKRPQISTEGLDISRYSNSPENAKNAHPAPAH,1.1,pseudomonas aeruginosa
33,N[C@H](Cc1ccc(O)cc1)C(=O)O,MRVLVLGSGVIGTASAYYLARAGFEVVVVDRQDGPALETSFANAGQVSPGYASPWAAPGIPLKAMKWLLEKHAPLAIKLTSDPSQYAWMLQMLRNCTAERYAVNKERMVRLSEYSRDCLDELRAETGIAYEGRTLGTTQLFRTQAQLDAAGKDIAVLERSGVPYEVLDRDGIARVEPALAKVADKLVGALRLPNDQTGDCQLFTTRLAEMAKGLGVEFRFGQNIERLDFAGDRINGVLVNGELLTADHYVLALGSYSPQLLKPLGIKAPVYPLKGYSLTVPITNPEMAPTSTILDETYKVAITRFDQRIRVGGMAEIAGFDLSLNPRRRETLEMITTDLYPEGGDISQATFWTGLRPATPDGTPIVGATRYRNLFLNTGHGTLGWTMACGSGRYLADLMAKKRPQISTEGLDISRYSNSPENAKNAHPAPAH,1.1,pseudomonas aeruginosa
34,N=C(N)NCCC[C@@H](N)C(=O)O,MRVLVLGSGVIGTASAYYLARAGFEVVVVDRQDGPALETSFANAGQVSPGYASPWAAPGIPLKAMKWLLEKHAPLAIKLTSDPSQYAWMLQMLRNCTAERYAVNKERMVRLSEYSRDCLDELRAETGIAYEGRTLGTTQLFRTQAQLDAAGKDIAVLERSGVPYEVLDRDGIARVEPALAKVADKLVGALRLPNDQTGDCQLFTTRLAEMAKGLGVEFRFGQNIERLDFAGDRINGVLVNGELLTADHYVLALGSYSPQLLKPLGIKAPVYPLKGYSLTVPITNPEMAPTSTILDETYKVAITRFDQRIRVGGMAEIAGFDLSLNPRRRETLEMITTDLYPEGGDISQATFWTGLRPATPDGTPIVGATRYRNLFLNTGHGTLGWTMACGSGRYLADLMAKKRPQISTEGLDISRYSNSPENAKNAHPAPAH,1.27,pseudomonas aeruginosa
35,N[C@H](Cc1ccc(O)cc1)C(=O)O,MIEADYLVIGAGIAGASTGYWLSAHGRVVVLEREAQPGYHSTGRSAAHYTVAYGTPQVRALTAASRAFFDNPPAGFCEHPLLSPRPEMVVDFSDDPEELRRQYESGKALVPQMRLLDAEQACSIVPVLRRDKVFGATYDPTGADIDTDALHQGYLRGIRRNQGQVLCNHEALEIRRVDGAWEVRCDAGSYRAAVLVNAAGAWCDAIAGLAGVRPLGLQPKRRSAFIFAPPPGIDCHDWPMLVSLDESFYLKPDAGMLLGSPANADPVEAHDVQPEQLDIATGMYLIEEATTLTIRRPEHTWAGLRSFVADGDLVAGYAANAEGFFWVAAQGGYGIQTSAAMGEASAALIRHQPLPAHLREHGLDEAMLSPRRLSP,23.0,pseudomonas aeruginosa
36,N[C@H](Cc1c[nH]cn1)C(=O)O,MIEADYLVIGAGIAGASTGYWLSAHGRVVVLEREAQPGYHSTGRSAAHYTVAYGTPQVRALTAASRAFFDNPPAGFCEHPLLSPRPEMVVDFSDDPEELRRQYESGKALVPQMRLLDAEQACSIVPVLRRDKVFGATYDPTGADIDTDALHQGYLRGIRRNQGQVLCNHEALEIRRVDGAWEVRCDAGSYRAAVLVNAAGAWCDAIAGLAGVRPLGLQPKRRSAFIFAPPPGIDCHDWPMLVSLDESFYLKPDAGMLLGSPANADPVEAHDVQPEQLDIATGMYLIEEATTLTIRRPEHTWAGLRSFVADGDLVAGYAANAEGFFWVAAQGGYGIQTSAAMGEASAALIRHQPLPAHLREHGLDEAMLSPRRLSP,35.0,pseudomonas aeruginosa
37,N[C@H](Cc1ccccc1)C(=O)O,MIEADYLVIGAGIAGASTGYWLSAHGRVVVLEREAQPGYHSTGRSAAHYTVAYGTPQVRALTAASRAFFDNPPAGFCEHPLLSPRPEMVVDFSDDPEELRRQYESGKALVPQMRLLDAEQACSIVPVLRRDKVFGATYDPTGADIDTDALHQGYLRGIRRNQGQVLCNHEALEIRRVDGAWEVRCDAGSYRAAVLVNAAGAWCDAIAGLAGVRPLGLQPKRRSAFIFAPPPGIDCHDWPMLVSLDESFYLKPDAGMLLGSPANADPVEAHDVQPEQLDIATGMYLIEEATTLTIRRPEHTWAGLRSFVADGDLVAGYAANAEGFFWVAAQGGYGIQTSAAMGEASAALIRHQPLPAHLREHGLDEAMLSPRRLSP,75.0,pseudomonas aeruginosa
38,O=C(O)[C@@H]1CCCCN1,MIRMTLDEVRELAVRILRRHAFSEAHVQAVADTLVAGERDECASHGIWRLLGCIATLKAGKVSADAEPELHDIAPGLLRVDAHGGFSQCAFRLGLPHLLEKARSQGIAAMAVNRCVHFSALWVEVEALTEAGLVALATTPSHAWVAPAGGRKPIFGTNPIAFGWPRPDGPPFVFDFATSAVARGEIQLHERAGKPIPLGWGVDEQGEPTTDASAALRGAMLTFGGHKGSALAAMVELLAGPLIGDLTSAESLAYDEGSRSSPYGGELLIAIDPRRMLGASAEEHLARAETLFEGIVEQGARLPSQRRFEARERSARDGVTIPEALHRELLALLE,2.25,pseudomonas aeruginosa
39,O=C(O)[C@@H]1CCCN1,MIRMTLDEVRELAVRILRRHAFSEAHVQAVADTLVAGERDECASHGIWRLLGCIATLKAGKVSADAEPELHDIAPGLLRVDAHGGFSQCAFRLGLPHLLEKARSQGIAAMAVNRCVHFSALWVEVEALTEAGLVALATTPSHAWVAPAGGRKPIFGTNPIAFGWPRPDGPPFVFDFATSAVARGEIQLHERAGKPIPLGWGVDEQGEPTTDASAALRGAMLTFGGHKGSALAAMVELLAGPLIGDLTSAESLAYDEGSRSSPYGGELLIAIDPRRMLGASAEEHLARAETLFEGIVEQGARLPSQRRFEARERSARDGVTIPEALHRELLALLE,3.42,pseudomonas aeruginosa
40,O=C(O)[C@H]1NCC[C@@H]1O,MIRMTLDEVRELAVRILRRHAFSEAHVQAVADTLVAGERDECASHGIWRLLGCIATLKAGKVSADAEPELHDIAPGLLRVDAHGGFSQCAFRLGLPHLLEKARSQGIAAMAVNRCVHFSALWVEVEALTEAGLVALATTPSHAWVAPAGGRKPIFGTNPIAFGWPRPDGPPFVFDFATSAVARGEIQLHERAGKPIPLGWGVDEQGEPTTDASAALRGAMLTFGGHKGSALAAMVELLAGPLIGDLTSAESLAYDEGSRSSPYGGELLIAIDPRRMLGASAEEHLARAETLFEGIVEQGARLPSQRRFEARERSARDGVTIPEALHRELLALLE,4.53,pseudomonas aeruginosa
41,O=C(O)C1=NC[C@H](O)C1,MIRMTLDEVRELAVRILRRHAFSEAHVQAVADTLVAGERDECASHGIWRLLGCIATLKAGKVSADAEPELHDIAPGLLRVDAHGGFSQCAFRLGLPHLLEKARSQGIAAMAVNRCVHFSALWVEVEALTEAGLVALATTPSHAWVAPAGGRKPIFGTNPIAFGWPRPDGPPFVFDFATSAVARGEIQLHERAGKPIPLGWGVDEQGEPTTDASAALRGAMLTFGGHKGSALAAMVELLAGPLIGDLTSAESLAYDEGSRSSPYGGELLIAIDPRRMLGASAEEHLARAETLFEGIVEQGARLPSQRRFEARERSARDGVTIPEALHRELLALLE,14.5,pseudomonas aeruginosa
42,O=C(O)C1=NCCCC1,MIRMTLDEVRELAVRILRRHAFSEAHVQAVADTLVAGERDECASHGIWRLLGCIATLKAGKVSADAEPELHDIAPGLLRVDAHGGFSQCAFRLGLPHLLEKARSQGIAAMAVNRCVHFSALWVEVEALTEAGLVALATTPSHAWVAPAGGRKPIFGTNPIAFGWPRPDGPPFVFDFATSAVARGEIQLHERAGKPIPLGWGVDEQGEPTTDASAALRGAMLTFGGHKGSALAAMVELLAGPLIGDLTSAESLAYDEGSRSSPYGGELLIAIDPRRMLGASAEEHLARAETLFEGIVEQGARLPSQRRFEARERSARDGVTIPEALHRELLALLE,35.3,pseudomonas aeruginosa
43,O=C(O)C1=NCCC1,MIRMTLDEVRELAVRILRRHAFSEAHVQAVADTLVAGERDECASHGIWRLLGCIATLKAGKVSADAEPELHDIAPGLLRVDAHGGFSQCAFRLGLPHLLEKARSQGIAAMAVNRCVHFSALWVEVEALTEAGLVALATTPSHAWVAPAGGRKPIFGTNPIAFGWPRPDGPPFVFDFATSAVARGEIQLHERAGKPIPLGWGVDEQGEPTTDASAALRGAMLTFGGHKGSALAAMVELLAGPLIGDLTSAESLAYDEGSRSSPYGGELLIAIDPRRMLGASAEEHLARAETLFEGIVEQGARLPSQRRFEARERSARDGVTIPEALHRELLALLE,41.67,pseudomonas aeruginosa
44,C[S+](CC[C@H](N)C(=O)O)C[C@H]1O[C@@H](n2cnc3c(N)ncnc32)[C@H](O)[C@@H]1O,MDKRLWVGVVSIFPEMFRAISDYGITSRAVKQGLLTLTCWNPRVYTEDRHQTVDDRPFGGGPGMVMKIKPLEGALADARQAAGGRKAKVIYLSPQGRQLTQAGVRELAEEEALILIAGRYEGIDERFIEEHVDEEWSIGDYVLSGGELPAMVLVDAVTRLLPGALGHADSAEEDSFTDGLLDCPHYTRPEVYADKRVPEVLLSGNHEHIRRWRLQQALGRTWERRADLLDSRSLSGEEQKLLAEYIRQRDDS,0.113749996,pseudomonas aeruginosa
45,O=C(O)c1cccc2nc3ccccc3nc12,MNNSNLAAARNLIQVVTGEWKSRCVYVATRLGLADLIESGIDSDETLAAAVGSDAERIHRLMRLLVAFEIFQGDTRDGYANTPTSHLLRDVEGSFRDMVLFYGEEFHAAWTPACEALLSGTPGFELAFGEDFYSYLKRCPDAGRRFLLAMKASNLAFHEIPRLLDFRGRSFVDVGGGSGELTKAILQAEPSARGVMLDREGSLGVARDNLSSLLAGERVSLVGGDMLQEVPSNGDIYLLSRIIGDLDEAASLRLLGNCREAMAGDGRVVVIERTISASEPSPMSVLWDVHLFMACAGRHRTTEEVVDLLGRGGFAVERIVDLPMETRMIVAARA,1.3,pseudomonas aeruginosa
46,CS(=N)(=O)CC[C@H](N)C(=O)O,MSASIRDAGVADLPGILAIYNDAVGNTTAIWNETPVDLANRQAWFDTRARQGYPILVASDAAGEVLGYASYGDWRPFEGFRGTVEHSVYVRDDQRGKGLGVQLLQALIERARAQGLHVMVAAIESGNAASIGLHRRLGFEISGQMPQVGQKFGRWLDLTFMQLNLDPTRSAP,505.0,pseudomonas aeruginosa
47,CS(=O)(=O)CC[C@H](N)C(=O)O,MSASIRDAGVADLPGILAIYNDAVGNTTAIWNETPVDLANRQAWFDTRARQGYPILVASDAAGEVLGYASYGDWRPFEGFRGTVEHSVYVRDDQRGKGLGVQLLQALIERARAQGLHVMVAAIESGNAASIGLHRRLGFEISGQMPQVGQKFGRWLDLTFMQLNLDPTRSAP,610.0,pseudomonas aeruginosa
48,CC(C)(COP(=O)(O)OP(=O)(O)OC[C@H]1O[C@@H](n2cnc3c(N)ncnc32)[C@H](O)[C@@H]1OP(=O)(O)O)[C@@H](O)C(=O)NCCC(=O)NCCSC(=O)c1ccccc1N,MGNPILAGLGFSLPKRQVSNHDLVGRINTSDEFIVERTGVRTRYHVEPEQAVSALMVPAARQAIEAAGLLPEDIDLLLVNTLSPDHHDPSQACLIQPLLGLRHIPVLDIRAQCSGLLYGLQMARGQILAGLARHVLVVCGEVLSKRMDCSDRGRNLSILLGDGAGAVVVSAGESLEDGLLDLRLGADGNYFDLLMTAAPGSASPTFLDENVLREGGGEFLMRGRPMFEHASQTLVRIAGEMLAAHELTLDDIDHVICHQPNLRILDAVQEQLGIPQHKFAVTVDRLGNMASASTPVTLAMFWPDIQPGQRVLVLTYGSGATWGAALYRKPEEVNRPC,0.3,pseudomonas aeruginosa
49,NC[C@@H]1O[C@H](O[C@H]2[C@@H](O)[C@H](O[C@@H]3[C@@H](O)[C@H](N)C[C@H](N)[C@H]3O[C@H]3O[C@H](CN)[C@@H](O)[C@H](O)[C@H]3N)O[C@@H]2CO)[C@H](N)[C@@H](O)[C@@H]1O,MVHAAVSRVGRLLDGPDTIIAALRDTVGPGGTVLAYADWEARYEDLVDDAGRVPPEWREHVPPFDPQRSRAIRDNGVLPEFLRTTPGTLRSGNPGASLVALGAKAEWFTADHPLDYGYGEGSPLAKLVEAGGKVLMLGAPLDTLTLLHHAEHLADIPGKRIKRIEVPFATPTGTQWRMIEEFDTGDPIVAGLAEDYFAGIVTEFLASGQGRQGLIGAAPSVLVDAAAITAFGVTWLEKRFGTPSP,10.0,pseudomonas aeruginosa
50,NC[C@H]1O[C@H](O[C@H]2[C@H](O[C@@H]3O[C@H](CO)[C@@H](O)[C@H]3O)C(O)[C@H](N)C[C@@H]2N)[C@H](N)[C@@H](O)[C@@H]1O,MVHAAVSRVGRLLDGPDTIIAALRDTVGPGGTVLAYADWEARYEDLVDDAGRVPPEWREHVPPFDPQRSRAIRDNGVLPEFLRTTPGTLRSGNPGASLVALGAKAEWFTADHPLDYGYGEGSPLAKLVEAGGKVLMLGAPLDTLTLLHHAEHLADIPGKRIKRIEVPFATPTGTQWRMIEEFDTGDPIVAGLAEDYFAGIVTEFLASGQGRQGLIGAAPSVLVDAAAITAFGVTWLEKRFGTPSP,24.0,pseudomonas aeruginosa
51,C1[C@H]([C@@H]([C@H]([C@@H]([C@H]1N)O[C@@H]2[C@@H]([C@H]([C@@H]([C@H](O2)CO)O)O)N)O[C@H]3[C@@H]([C@@H]([C@H](O3)CO)O[C@@H]4[C@@H]([C@H]([C@@H]([C@@H](O4)CN)O)O)N)O)O)N,MVHAAVSRVGRLLDGPDTIIAALRDTVGPGGTVLAYADWEARYEDLVDDAGRVPPEWREHVPPFDPQRSRAIRDNGVLPEFLRTTPGTLRSGNPGASLVALGAKAEWFTADHPLDYGYGEGSPLAKLVEAGGKVLMLGAPLDTLTLLHHAEHLADIPGKRIKRIEVPFATPTGTQWRMIEEFDTGDPIVAGLAEDYFAGIVTEFLASGQGRQGLIGAAPSVLVDAAAITAFGVTWLEKRFGTPSP,34.0,pseudomonas aeruginosa
52,CN[C@@H]1[C@@H](O)[C@@H](O[C@@H]2[C@@H](O)[C@H](O[C@H]3OC(CN)=CC[C@H]3N)[C@@H](N)C[C@H]2N)OC[C@]1(C)O,MVHAAVSRVGRLLDGPDTIIAALRDTVGPGGTVLAYADWEARYEDLVDDAGRVPPEWREHVPPFDPQRSRAIRDNGVLPEFLRTTPGTLRSGNPGASLVALGAKAEWFTADHPLDYGYGEGSPLAKLVEAGGKVLMLGAPLDTLTLLHHAEHLADIPGKRIKRIEVPFATPTGTQWRMIEEFDTGDPIVAGLAEDYFAGIVTEFLASGQGRQGLIGAAPSVLVDAAAITAFGVTWLEKRFGTPSP,46.0,pseudomonas aeruginosa
53,NC[C@H]1O[C@H](O[C@H]2[C@H](O)[C@@H](O[C@H]3O[C@H](CO)[C@@H](O)[C@H](N)[C@H]3O)[C@H](N)C[C@@H]2N)[C@H](N)C[C@@H]1O,MVHAAVSRVGRLLDGPDTIIAALRDTVGPGGTVLAYADWEARYEDLVDDAGRVPPEWREHVPPFDPQRSRAIRDNGVLPEFLRTTPGTLRSGNPGASLVALGAKAEWFTADHPLDYGYGEGSPLAKLVEAGGKVLMLGAPLDTLTLLHHAEHLADIPGKRIKRIEVPFATPTGTQWRMIEEFDTGDPIVAGLAEDYFAGIVTEFLASGQGRQGLIGAAPSVLVDAAAITAFGVTWLEKRFGTPSP,48.0,pseudomonas aeruginosa
54,NC[C@H]1O[C@H](O[C@H]2[C@H](O)[C@@H](O[C@H]3O[C@H](CO)[C@@H](O)[C@H](N)[C@H]3O)[C@H](N)C[C@@H]2N)[C@H](O)[C@@H](O)[C@@H]1O,MVHAAVSRVGRLLDGPDTIIAALRDTVGPGGTVLAYADWEARYEDLVDDAGRVPPEWREHVPPFDPQRSRAIRDNGVLPEFLRTTPGTLRSGNPGASLVALGAKAEWFTADHPLDYGYGEGSPLAKLVEAGGKVLMLGAPLDTLTLLHHAEHLADIPGKRIKRIEVPFATPTGTQWRMIEEFDTGDPIVAGLAEDYFAGIVTEFLASGQGRQGLIGAAPSVLVDAAAITAFGVTWLEKRFGTPSP,51.0,pseudomonas aeruginosa
55,NC[C@H]1O[C@H](O[C@H]2[C@H](O)[C@@H](O[C@H]3O[C@H](CO)[C@@H](O)[C@H](N)[C@H]3O)[C@H](N)C[C@@H]2N)[C@H](N)[C@@H](O)[C@@H]1O,MVHAAVSRVGRLLDGPDTIIAALRDTVGPGGTVLAYADWEARYEDLVDDAGRVPPEWREHVPPFDPQRSRAIRDNGVLPEFLRTTPGTLRSGNPGASLVALGAKAEWFTADHPLDYGYGEGSPLAKLVEAGGKVLMLGAPLDTLTLLHHAEHLADIPGKRIKRIEVPFATPTGTQWRMIEEFDTGDPIVAGLAEDYFAGIVTEFLASGQGRQGLIGAAPSVLVDAAAITAFGVTWLEKRFGTPSP,55.0,pseudomonas aeruginosa
56,CCCCCCCC(=O)SCCNC(=O)CCNC(=O)[C@H](O)C(C)(C)COP(=O)(O)OP(=O)(O)OC[C@H]1O[C@@H](n2cnc3c(N)ncnc32)[C@H](O)[C@@H]1OP(=O)(O)O,MHKVKLAAITCELPARSYENDDPVFAAVPDLSESWWQFWGVNRRGYFDPRNGENEFSLVVRAAERLLRSSDTAPDSVDMLICSASSPIMTDAGDVLPDLRGRLYPRMANVLSKQLGLSRALPLDSQMECASFLLNLRLAASMIRQGKAEKVLVVCSEYISNLLDFTSRTSTLFADGCAVALLTRGDDDSCDLLASAEHSDATFYEVATGRWRLPENPTGEAKPRLYFSLFSDGQNKMASFVPTNVPIAMRRALEKAGLGSDDIDYFVFHQPAPFLVKAWAEGIGARPEQYQLTMGDTGVMISVSIPYTLMTGLREGKIRPGDRIVMAGAATGWGFAAQVWQLGEVLVC,6.8,pseudomonas aeruginosa
57,Nc1ncnc2[nH]cnc12,MSVYAIIGGTGLTQLEGLTLSESLPIETPYGAPSAPLQRGRYAGREVLFLARHGHPHRFPPHQVNYRANLWALKQAGAEAVIAVNAVGGIHAAMGTGHLCVPHQLIDYTSGREHTYFAGDIEHVTHIDFSHPYDEPLRQRLIEALRALGLAHSSHGVYACTQGPRLETVAEIARLERDGNDIVGMTGMPEAALARELDLPYACLALVVNPAAGKSAGIITMAEIEQALHDGIGKVREVLARVLAG,0.0549,pseudomonas aeruginosa
58,Nc1ncnc2c1ncn2[C@@H]1O[C@H](CO)[C@@H](O)[C@H]1O,MSVYAIIGGTGLTQLEGLTLSESLPIETPYGAPSAPLQRGRYAGREVLFLARHGHPHRFPPHQVNYRANLWALKQAGAEAVIAVNAVGGIHAAMGTGHLCVPHQLIDYTSGREHTYFAGDIEHVTHIDFSHPYDEPLRQRLIEALRALGLAHSSHGVYACTQGPRLETVAEIARLERDGNDIVGMTGMPEAALARELDLPYACLALVVNPAAGKSAGIITMAEIEQALHDGIGKVREVLARVLAG,0.0549,pseudomonas aeruginosa
59,O=c1[nH]cnc2c1ncn2[C@@H]1O[C@H](CO)[C@@H](O)[C@H]1O,MSVYAIIGGTGLTQLEGLTLSESLPIETPYGAPSAPLQRGRYAGREVLFLARHGHPHRFPPHQVNYRANLWALKQAGAEAVIAVNAVGGIHAAMGTGHLCVPHQLIDYTSGREHTYFAGDIEHVTHIDFSHPYDEPLRQRLIEALRALGLAHSSHGVYACTQGPRLETVAEIARLERDGNDIVGMTGMPEAALARELDLPYACLALVVNPAAGKSAGIITMAEIEQALHDGIGKVREVLARVLAG,0.57,pseudomonas aeruginosa
60,CSC[C@H]1O[C@@H](n2cnc3c(O)ncnc32)[C@H](O)[C@@H]1O,MSVYAIIGGTGLTQLEGLTLSESLPIETPYGAPSAPLQRGRYAGREVLFLARHGHPHRFPPHQVNYRANLWALKQAGAEAVIAVNAVGGIHAAMGTGHLCVPHQLIDYTSGREHTYFAGDIEHVTHIDFSHPYDEPLRQRLIEALRALGLAHSSHGVYACTQGPRLETVAEIARLERDGNDIVGMTGMPEAALARELDLPYACLALVVNPAAGKSAGIITMAEIEQALHDGIGKVREVLARVLAG,4.8,pseudomonas aeruginosa
61,O=C[C@H](O)[C@H](O)COP(=O)(O)O,MDDLLQRVRRCEALQQPEWGDPSRLRDVQAYLRGSPALIRAGDILALRATLARVARGEALVVQCGDCAEDMDDHHAENVARKAAVLELLAGALRLAGRRPVIRVGRIAGQYAKPRSKPHEQVGEQTLPVYRGDMVNGREAHAEQRRADPQRILKGYAAARNIMRHLGWDAASGQEANASPVWTSHEMLLLDYELSMLREDEQRRVYLGSTHWPWIGERTRQVDGAHVALLAEVLNPVACKVGPEIGRDQLLALCERLDPRREPGRLTLIARMGAQKVGERLPPLVEAVRAAGHPVIWLSDPMHGNTIVAPCGNKTRLVRSIAEEVAAFRLAVSGSGGVAAGLHLETTPDDVTECVADSSGLHQVSRHYTSLCDPRLNPWQALSAVMAWSGAEAIPSATFPLETVA,19.8,pseudomonas aeruginosa
62,Nc1ncnc2c1ncn2[C@@H]1O[C@H](COP(=O)(O)OP(=O)(O)OP(=O)(O)O)[C@@H](O)[C@H]1O,MRLVLEEPFKRLWNGRDPFEAVEALQGKVYRELEGRRTLRTEVDGRGYFVKIHRGIGWGEIAKNLLTAKLPVLGARQEWQAIRRLHEAGVATMTAVAYGERGSDPARQHSFIVTEELAPTVDLEVFSQDWRERPPPPRLKRALVEAVARMVGDMHRAGVNHRDCYICHFLLHTDKPVSADDFRLSVIDLHRAQTRDATPKRWRNKDLAALYFSALDIGLTRRDKLRFLRTYFRRPLREILRDEAGLLAWMERKAEKLYERKQRYGDLL,0.45,pseudomonas aeruginosa
63,Nc1nc2c(ncn2[C@@H]2O[C@H](COP(=O)(O)O)[C@@H](O)[C@H]2O)c(=O)[nH]1,MFESAEVGHSIDKDTYEKAVIELREALLEAQFELKQQARFPVIILINGIEGAGKGETVKLLNEWMDPRLIEVQSFLRPSDEELERPPQWRFWRRLPPKGRTGIFFGNWYSQMLYARVEGHIKEAKLDQAIDAAERFERMLCDEGALLFKFWFHLSKKQLKERLKALEKDPQHSWKLSPLDWKQSEVYDRFVHYGERVLRRTSRDYAPWYVVEGADERYRALTVGRILLEGLQAALATKERAKRQPHAAPLVSSLDNRGLLDSLDLGQYLDKDAYKEQLAAEQARLAGLIRDKRFRQHSLVAVFEGNDAAGKGGAIRRVTDALDPRQYHIVPIAAPTEEERAQPYLWRFWRHIPARRQFTIFDRSWYGRVLVERIEGFCAPADWLRAYGEINDFEEQLSEYGIIVVKFWLAIDKQTQMERFKEREKTPYKRYKITEEDWRNRDKWDQYVDAVGDMVDRTSTEIAPWTLVEANDKRFARVKVLRTINDAIEAAYKKDK,13.4,pseudomonas aeruginosa
64,Nc1ncnc2c1ncn2[C@@H]1O[C@H](COP(=O)(O)O)[C@@H](O)[C@H]1O,MFESAEVGHSIDKDTYEKAVIELREALLEAQFELKQQARFPVIILINGIEGAGKGETVKLLNEWMDPRLIEVQSFLRPSDEELERPPQWRFWRRLPPKGRTGIFFGNWYSQMLYARVEGHIKEAKLDQAIDAAERFERMLCDEGALLFKFWFHLSKKQLKERLKALEKDPQHSWKLSPLDWKQSEVYDRFVHYGERVLRRTSRDYAPWYVVEGADERYRALTVGRILLEGLQAALATKERAKRQPHAAPLVSSLDNRGLLDSLDLGQYLDKDAYKEQLAAEQARLAGLIRDKRFRQHSLVAVFEGNDAAGKGGAIRRVTDALDPRQYHIVPIAAPTEEERAQPYLWRFWRHIPARRQFTIFDRSWYGRVLVERIEGFCAPADWLRAYGEINDFEEQLSEYGIIVVKFWLAIDKQTQMERFKEREKTPYKRYKITEEDWRNRDKWDQYVDAVGDMVDRTSTEIAPWTLVEANDKRFARVKVLRTINDAIEAAYKKDK,44.6,pseudomonas aeruginosa
65,O=C(O)[C@@]1(O)C[C@@H](O)[C@@H](O)[C@@H]([C@H](O)CO)O1,MTQAFTVVIPARYASTRLPGKPLQDIAGQPMIQRVWNQARKSAASRVVVATDDERILAACQGFGAEALLTRAEHNSGTDRLEEVASRLGLASDAIVVNVQGDEPLIPPALIDQVAANLAAHPEAAIATLAEPIHEVSALFNPNVVKVATDIDGLALTFSRAPLPWARDAFARDRDSLPEGVPYRRHIGIYAYRVGFLADFVAWGPCWLENAESLEQLRALWHGVRIHVADARENMLPGVDTPEDLERVRRVLGG,0.076,pseudomonas aeruginosa
66,Nc1ccn([C@@H]2O[C@H](COP(=O)(O)OP(=O)(O)OP(=O)(O)O)[C@@H](O)[C@H]2O)c(=O)n1,MTQAFTVVIPARYASTRLPGKPLQDIAGQPMIQRVWNQARKSAASRVVVATDDERILAACQGFGAEALLTRAEHNSGTDRLEEVASRLGLASDAIVVNVQGDEPLIPPALIDQVAANLAAHPEAAIATLAEPIHEVSALFNPNVVKVATDIDGLALTFSRAPLPWARDAFARDRDSLPEGVPYRRHIGIYAYRVGFLADFVAWGPCWLENAESLEQLRALWHGVRIHVADARENMLPGVDTPEDLERVRRVLGG,0.132,pseudomonas aeruginosa
67,Nc1ncnc2c1ncn2[C@@H]1O[C@H](COP(=O)(O)OP(=O)(O)OP(=O)(O)O)[C@@H](O)[C@H]1O,MSNAVPAEISVQLSLALNAIERHLESTLLAVHLYGSALDGGLKPYSDIDLLVTVAARLDETVRQALVVDLLEISASPGQSEALRALEVTIVVHGDVVPWRYPARRELQFGEWQRKDILAGIFEPATTDVDLAILLTKVRQHSLALAGSAAEDFFNPVPEGDLFKALSDTLKLWNSQPDWEGDERNVVLTLSRIWYSAATGKIAPKDIVANWAMERLPDQHKPVLLEARQAYLGQGEDCLASRADQLAAFVHFVKHEATKLLSAMPVMSNNSFKPTPLRGAA,0.51,pseudomonas aeruginosa
68,CN[C@@H]1[C@H](O[C@H]2[C@H](O[C@H]3[C@H](O)[C@@H](O)[C@H](NC(=N)N)[C@@H](O)[C@@H]3NC(=N)N)O[C@@H](C)[C@]2(O)C=O)O[C@@H](CO)[C@H](O)[C@H]1O,MSNAVPAEISVQLSLALNAIERHLESTLLAVHLYGSALDGGLKPYSDIDLLVTVAARLDETVRQALVVDLLEISASPGQSEALRALEVTIVVHGDVVPWRYPARRELQFGEWQRKDILAGIFEPATTDVDLAILLTKVRQHSLALAGSAAEDFFNPVPEGDLFKALSDTLKLWNSQPDWEGDERNVVLTLSRIWYSAATGKIAPKDIVANWAMERLPDQHKPVLLEARQAYLGQGEDCLASRADQLAAFVHFVKHEATKLLSAMPVMSNNSFKPTPLRGAA,0.565,pseudomonas aeruginosa
69,CC(=O)CC(=O)SCCNC(=O)CCNC(=O)[C@H](O)C(C)(C)COP(=O)(O)OP(=O)(O)OC[C@H]1O[C@@H](n2cnc3c(N)ncnc32)[C@H](O)[C@@H]1OP(=O)(O)O,MLRLSAPGQLDDDLCLLGDVQVPVFLLRLGEASWALVEGGISRDAELVWADLCRWVADPSQVHYWLITHKHYDHCGLLPYLCPRLPNVQVLASERTCQAWKSESAVRVVERLNRQLLRAEQRLPEACAWDALPVRAVADGEWLELGPRHRLQVIEAHGHSDDHVVFYDVRRRRLFCGDALGEFDEAEGVWRPLVFDDMEAYLESLERLQRLPTLLQLIPGHGGLLRGRLAADGAESAYTECLRLCRRLLWRQSMGESLDELSEELHRAWGGQSVDFLPGELHLGSMRRMLEILSRQALPLD,0.36,pseudomonas aeruginosa
70,CCSC(=O)CC(C)=O,MLRLSAPGQLDDDLCLLGDVQVPVFLLRLGEASWALVEGGISRDAELVWADLCRWVADPSQVHYWLITHKHYDHCGLLPYLCPRLPNVQVLASERTCQAWKSESAVRVVERLNRQLLRAEQRLPEACAWDALPVRAVADGEWLELGPRHRLQVIEAHGHSDDHVVFYDVRRRRLFCGDALGEFDEAEGVWRPLVFDDMEAYLESLERLQRLPTLLQLIPGHGGLLRGRLAADGAESAYTECLRLCRRLLWRQSMGESLDELSEELHRAWGGQSVDFLPGELHLGSMRRMLEILSRQALPLD,0.85,pseudomonas aeruginosa
71,Nc1nc2c(ncn2[C@@H]2O[C@@H]3COP(=O)(O)O[C@H]4[C@@H](O)[C@H](n5cnc6c(=O)[nH]c(N)nc65)O[C@@H]4COP(=O)(O)O[C@H]3[C@H]2O)c(=O)[nH]1,MNDLNVLVLEDEPFQRLVAVTALKKVVPGSILEAADGKEAVAILESCGHVDIAICDLQMSGMDGLAFLRHASLSGKVHSVILSSEVDPILRQATISMIECLGLNFLGDLGKPFSLERITALLTRYNARRQDLPRQIEVAELPSVADVVRGLDNGEFEAYYQPKVALDGGGLIGAEVLARWNHPHLGVLPPSHFLYVMETYNLVDKLFWQLFSQGLATRRKLAQLGQPINLAFNVHPSQLGSRALAENISALLTEFHLPPSSVMFEITETGLISAPASSLENLVRLRIMGCGLAMDDFGAGYSSLDRLCEFPFSQIKLDRTFVQKMKTQPRSCAVISSVVALAQALGISLVVEGVESDEQRVRLIELGCSIAQGYLFARPMPEQHFLDYCSGS,0.14519362,pseudomonas aeruginosa
72,C1=NC2=C(N1[C@H]3[C@@H]([C@@H]([C@H](O3)COP(=O)([O-])O[C@@H]4[C@H](O[C@H]([C@@H]4O)N5C=NC6=C5N=C(NC6=O)N)COP(=O)([O-])[O-])O)O)N=C(NC2=O)N,MESMLDRPEQELVLVVDDTPDNLLLMRELLEEQYRVRTAGSGPAGLRAAVEEPRPDLILLDVNMPGMDGYEVCRRLKADPLTRDIPLMFLTARADRDDEQQGLALGAVDYLGKPVSPPIVLARVRTHLQLKANADFLRDKSEYLELEVRRRTRQLQQLQDAVIEALATLGDLRDNPRSRHLPRIERYVRLLAEHLAAQRAFADELTPEAVDLLSKSALLHDIGKVAVPDRVLLNPGQLDAADTALLQGHTRAGRDALASAERRLGQPSGFLRFARQIAYSHHERWDGRGFPEGLAGERIPLAARIVALADRYDELTSRHAYRPPLAHAEAVLLIQAGAGSEFDPRLVEAFVAVADAFAEVARRYADSAEALDVEMQRLEQAVAESIELTAPPA,0.0003633333,pseudomonas aeruginosa
73,C1=NC2=C(N1[C@H]3[C@@H]([C@@H]([C@H](O3)COP(=O)([O-])O[C@@H]4[C@H](O[C@H]([C@@H]4O)N5C=NC6=C5N=C(NC6=O)N)COP(=O)([O-])[O-])O)O)N=C(NC2=O)N,MLKRIPVTQLRLGMFVQSLCGSWLDHPFWKRGGFLLDSQADLQRLRESAVKEVWIDASKGLDLPEEAAVSAAAVLPVTMPAGPSPARVALEEEIRHAALLCSRAKAAVVSMFRDARMGQAIDTAHASDLVDEISASVLRHPNALLSLVRLKTSDEYTYMHSVAVCALMIALARQLELPDPLVREAGLAGLLHDIGKMAVPDPILNKPGKLTDPEFGLVRRHPQNGARMLLDCRQVSALVVDVCLHHHERIDGTGYPFGLAQEQISLLARMGAVCDVYDAITSDRPYKKGWNAAEAIRRMAEWNGHFDPQVFRAFVKAVGIYPVGALVRLESGRLGVVLEQHGRSLLTPRVKVFFSARSKVPIPQQVVDLGRAGQTDRIVGFEPAEAWNFRNLDEMWTGLAKSTGSYFDAGTGNP,0.0003633333,pseudomonas aeruginosa
74,Nc1nc2c(ncn2[C@@H]2O[C@@H]3COP(=O)(O)O[C@H]4[C@@H](O)[C@H](n5cnc6c(=O)[nH]c(N)nc65)O[C@@H]4COP(=O)(O)O[C@H]3[C@H]2O)c(=O)[nH]1,MESMLDRPEQELVLVVDDTPDNLLLMRELLEEQYRVRTAGSGPAGLRAAVEEPRPDLILLDVNMPGMDGYEVCRRLKADPLTRDIPLMFLTARADRDDEQQGLALGAVDYLGKPVSPPIVLARVRTHLQLKANADFLRDKSEYLELEVRRRTRQLQQLQDAVIEALATLGDLRDNPRSRHLPRIERYVRLLAEHLAAQRAFADELTPEAVDLLSKSALLHDIGKVAVPDRVLLNPGQLDAADTALLQGHTRAGRDALASAERRLGQPSGFLRFARQIAYSHHERWDGRGFPEGLAGERIPLAARIVALADRYDELTSRHAYRPPLAHAEAVLLIQAGAGSEFDPRLVEAFVAVADAFAEVARRYADSAEALDVEMQRLEQAVAESIELTAPPA,0.00031666667,pseudomonas aeruginosa
75,Nc1nc2c(ncn2[C@@H]2O[C@@H]3COP(=O)(O)O[C@H]4[C@@H](O)[C@H](n5cnc6c(=O)[nH]c(N)nc65)O[C@@H]4COP(=O)(O)O[C@H]3[C@H]2O)c(=O)[nH]1,MLKRIPVTQLRLGMFVQSLCGSWLDHPFWKRGGFLLDSQADLQRLRESAVKEVWIDASKGLDLPEEAAVSAAAVLPVTMPAGPSPARVALEEEIRHAALLCSRAKAAVVSMFRDARMGQAIDTAHASDLVDEISASVLRHPNALLSLVRLKTSDEYTYMHSVAVCALMIALARQLELPDPLVREAGLAGLLHDIGKMAVPDPILNKPGKLTDPEFGLVRRHPQNGARMLLDCRQVSALVVDVCLHHHERIDGTGYPFGLAQEQISLLARMGAVCDVYDAITSDRPYKKGWNAAEAIRRMAEWNGHFDPQVFRAFVKAVGIYPVGALVRLESGRLGVVLEQHGRSLLTPRVKVFFSARSKVPIPQQVVDLGRAGQTDRIVGFEPAEAWNFRNLDEMWTGLAKSTGSYFDAGTGNP,0.00031666667,pseudomonas aeruginosa
76,CO[C@H]1O[C@H](CO)[C@@H](O)[C@H](O[C@H](C)C(=O)N[C@@H](C)C(=O)N[C@H](CCC(=O)N[C@@H](CCC[C@@H](N)C(=O)O)C(=O)N[C@H](C)C(=O)N[C@H](C)C(=O)O)C(=O)O)[C@H]1NC(C)=O,MNITTIAKRLSLLVLFIAPTAGWAAESMVPAPPQLAAKSYVLMDGESGQVLVENNGDQRLPPASLTKLMTAYIATKEIEAGRIGENDLVTVSEHAWRTGGSRMFIKVGSQVSVSDLLHGIIIQSGNDASVALAEHIAGSEDAFADMMNTTAQKLGLTNSHFMDATGLPNPDHYSSARDMAVLARAIIYGEPSHYAIYAQKEFLWNNIKQPNRNLLLWRDKTVDGLKTGHTDEAGYCLVASAVRDGQRMIAVVFGTNSEQARAAETQKLLTYGFRFFESRNFYKKGTELTKGLVWKGSEHEVKAGLAEDLTMTLPRGQMQKLQASMVLEPQLMAPIQQGQVIGKVEVKLDDKVIRSADLVALNAVEEGGFFRRLWDSIRLFFYGLFN,0.31,pseudomonas aeruginosa
77,CC(=O)NCCCC[C@H](NC(C)=O)C(=O)N[C@H](C)C(=O)N[C@H](C)C(=O)O,MNITTIAKRLSLLVLFIAPTAGWAAESMVPAPPQLAAKSYVLMDGESGQVLVENNGDQRLPPASLTKLMTAYIATKEIEAGRIGENDLVTVSEHAWRTGGSRMFIKVGSQVSVSDLLHGIIIQSGNDASVALAEHIAGSEDAFADMMNTTAQKLGLTNSHFMDATGLPNPDHYSSARDMAVLARAIIYGEPSHYAIYAQKEFLWNNIKQPNRNLLLWRDKTVDGLKTGHTDEAGYCLVASAVRDGQRMIAVVFGTNSEQARAAETQKLLTYGFRFFESRNFYKKGTELTKGLVWKGSEHEVKAGLAEDLTMTLPRGQMQKLQASMVLEPQLMAPIQQGQVIGKVEVKLDDKVIRSADLVALNAVEEGGFFRRLWDSIRLFFYGLFN,0.59,pseudomonas aeruginosa
78,CC(C)CC(NC(=O)CNC(=O)/C=C/c1ccco1)C(=O)NCC(=O)O,MKKVSTLDLLFVAIMGVSPAAFAADLIDVSKLPSKAAQGAPGPVTLQAAVGAGGADELKAIRSTTLPNGKQVTRYEQFHNGVRVVGEAITEVKGPGKSVAAQRSGHFVANIAADLPGSTTAAVSAEQVLAQAKSLKAQGRKTENDKVELVIRLGENNIAQLVYNVSYLIPGEGLSRPHFVIDAKTGEVLDQWEGLAHAEAGGPGGNQKIGKYTYGSDYGPLIVNDRCEMDDGNVITVDMNSSTDDSKTTPFRFACPTNTYKQVNGAYSPLNDAHFFGGVVFKLYRDWFGTSPLTHKLYMKVHYGRSVENAYWDGTAMLFGDGATMFYPLVSLDVAAHEVSHGFTEQNSGLIYRGQSGGMNEAFSDMAGEAAEFYMRGKNDFLIGYDIKKGSGALRYMDQPSRDGRSIDNASQYYNGIDVHHSSGVYNRAFYLLANSPGWDTRKAFEVFVDANRYYWTATSNYNSGACGVIRSAQNRNYSAADVTRAFSTVGVTCPSAL,7.0,pseudomonas aeruginosa
79,CC(C)C[C@H](NC(=O)[C@H](C)NC(=O)/C=C/c1ccco1)C(=O)NCC(=O)O,MKKVSTLDLLFVAIMGVSPAAFAADLIDVSKLPSKAAQGAPGPVTLQAAVGAGGADELKAIRSTTLPNGKQVTRYEQFHNGVRVVGEAITEVKGPGKSVAAQRSGHFVANIAADLPGSTTAAVSAEQVLAQAKSLKAQGRKTENDKVELVIRLGENNIAQLVYNVSYLIPGEGLSRPHFVIDAKTGEVLDQWEGLAHAEAGGPGGNQKIGKYTYGSDYGPLIVNDRCEMDDGNVITVDMNSSTDDSKTTPFRFACPTNTYKQVNGAYSPLNDAHFFGGVVFKLYRDWFGTSPLTHKLYMKVHYGRSVENAYWDGTAMLFGDGATMFYPLVSLDVAAHEVSHGFTEQNSGLIYRGQSGGMNEAFSDMAGEAAEFYMRGKNDFLIGYDIKKGSGALRYMDQPSRDGRSIDNASQYYNGIDVHHSSGVYNRAFYLLANSPGWDTRKAFEVFVDANRYYWTATSNYNSGACGVIRSAQNRNYSAADVTRAFSTVGVTCPSAL,34.0,pseudomonas aeruginosa
80,CC(C)CC(NC(=O)CNC(=O)/C=C/c1ccco1)C(=O)NC(C)C(=O)O,MKKVSTLDLLFVAIMGVSPAAFAADLIDVSKLPSKAAQGAPGPVTLQAAVGAGGADELKAIRSTTLPNGKQVTRYEQFHNGVRVVGEAITEVKGPGKSVAAQRSGHFVANIAADLPGSTTAAVSAEQVLAQAKSLKAQGRKTENDKVELVIRLGENNIAQLVYNVSYLIPGEGLSRPHFVIDAKTGEVLDQWEGLAHAEAGGPGGNQKIGKYTYGSDYGPLIVNDRCEMDDGNVITVDMNSSTDDSKTTPFRFACPTNTYKQVNGAYSPLNDAHFFGGVVFKLYRDWFGTSPLTHKLYMKVHYGRSVENAYWDGTAMLFGDGATMFYPLVSLDVAAHEVSHGFTEQNSGLIYRGQSGGMNEAFSDMAGEAAEFYMRGKNDFLIGYDIKKGSGALRYMDQPSRDGRSIDNASQYYNGIDVHHSSGVYNRAFYLLANSPGWDTRKAFEVFVDANRYYWTATSNYNSGACGVIRSAQNRNYSAADVTRAFSTVGVTCPSAL,95.0,pseudomonas aeruginosa
81,CC(C)C[C@H](NC(=O)[C@H](C)NC(=O)/C=C/c1ccco1)C(=O)N[C@@H](C)C(=O)O,MKKVSTLDLLFVAIMGVSPAAFAADLIDVSKLPSKAAQGAPGPVTLQAAVGAGGADELKAIRSTTLPNGKQVTRYEQFHNGVRVVGEAITEVKGPGKSVAAQRSGHFVANIAADLPGSTTAAVSAEQVLAQAKSLKAQGRKTENDKVELVIRLGENNIAQLVYNVSYLIPGEGLSRPHFVIDAKTGEVLDQWEGLAHAEAGGPGGNQKIGKYTYGSDYGPLIVNDRCEMDDGNVITVDMNSSTDDSKTTPFRFACPTNTYKQVNGAYSPLNDAHFFGGVVFKLYRDWFGTSPLTHKLYMKVHYGRSVENAYWDGTAMLFGDGATMFYPLVSLDVAAHEVSHGFTEQNSGLIYRGQSGGMNEAFSDMAGEAAEFYMRGKNDFLIGYDIKKGSGALRYMDQPSRDGRSIDNASQYYNGIDVHHSSGVYNRAFYLLANSPGWDTRKAFEVFVDANRYYWTATSNYNSGACGVIRSAQNRNYSAADVTRAFSTVGVTCPSAL,144.0,pseudomonas aeruginosa
82,O=C(/C=C/c1ccco1)NCC(=O)N[C@@H](Cc1ccccc1)C(=O)N[C@@H](Cc1ccccc1)C(=O)O,MKKVSTLDLLFVAIMGVSPAAFAADLIDVSKLPSKAAQGAPGPVTLQAAVGAGGADELKAIRSTTLPNGKQVTRYEQFHNGVRVVGEAITEVKGPGKSVAAQRSGHFVANIAADLPGSTTAAVSAEQVLAQAKSLKAQGRKTENDKVELVIRLGENNIAQLVYNVSYLIPGEGLSRPHFVIDAKTGEVLDQWEGLAHAEAGGPGGNQKIGKYTYGSDYGPLIVNDRCEMDDGNVITVDMNSSTDDSKTTPFRFACPTNTYKQVNGAYSPLNDAHFFGGVVFKLYRDWFGTSPLTHKLYMKVHYGRSVENAYWDGTAMLFGDGATMFYPLVSLDVAAHEVSHGFTEQNSGLIYRGQSGGMNEAFSDMAGEAAEFYMRGKNDFLIGYDIKKGSGALRYMDQPSRDGRSIDNASQYYNGIDVHHSSGVYNRAFYLLANSPGWDTRKAFEVFVDANRYYWTATSNYNSGACGVIRSAQNRNYSAADVTRAFSTVGVTCPSAL,240.0,pseudomonas aeruginosa
83,CC(NC(=O)C(Cc1ccc(O)cc1)NC(=O)C(C)NC(=O)C(C)NC(=O)OCc1ccccc1)C(N)=O,MKKVSTLDLLFVAIMGVSPAAFAADLIDVSKLPSKAAQGAPGPVTLQAAVGAGGADELKAIRSTTLPNGKQVTRYEQFHNGVRVVGEAITEVKGPGKSVAAQRSGHFVANIAADLPGSTTAAVSAEQVLAQAKSLKAQGRKTENDKVELVIRLGENNIAQLVYNVSYLIPGEGLSRPHFVIDAKTGEVLDQWEGLAHAEAGGPGGNQKIGKYTYGSDYGPLIVNDRCEMDDGNVITVDMNSSTDDSKTTPFRFACPTNTYKQVNGAYSPLNDAHFFGGVVFKLYRDWFGTSPLTHKLYMKVHYGRSVENAYWDGTAMLFGDGATMFYPLVSLDVAAHEVSHGFTEQNSGLIYRGQSGGMNEAFSDMAGEAAEFYMRGKNDFLIGYDIKKGSGALRYMDQPSRDGRSIDNASQYYNGIDVHHSSGVYNRAFYLLANSPGWDTRKAFEVFVDANRYYWTATSNYNSGACGVIRSAQNRNYSAADVTRAFSTVGVTCPSAL,338.2,pseudomonas aeruginosa
84,CC(NC(=O)C(Cc1ccccc1)NC(=O)C(C)NC(=O)C(C)NC(=O)OCc1ccccc1)C(N)=O,MKKVSTLDLLFVAIMGVSPAAFAADLIDVSKLPSKAAQGAPGPVTLQAAVGAGGADELKAIRSTTLPNGKQVTRYEQFHNGVRVVGEAITEVKGPGKSVAAQRSGHFVANIAADLPGSTTAAVSAEQVLAQAKSLKAQGRKTENDKVELVIRLGENNIAQLVYNVSYLIPGEGLSRPHFVIDAKTGEVLDQWEGLAHAEAGGPGGNQKIGKYTYGSDYGPLIVNDRCEMDDGNVITVDMNSSTDDSKTTPFRFACPTNTYKQVNGAYSPLNDAHFFGGVVFKLYRDWFGTSPLTHKLYMKVHYGRSVENAYWDGTAMLFGDGATMFYPLVSLDVAAHEVSHGFTEQNSGLIYRGQSGGMNEAFSDMAGEAAEFYMRGKNDFLIGYDIKKGSGALRYMDQPSRDGRSIDNASQYYNGIDVHHSSGVYNRAFYLLANSPGWDTRKAFEVFVDANRYYWTATSNYNSGACGVIRSAQNRNYSAADVTRAFSTVGVTCPSAL,1032.0,pseudomonas aeruginosa
85,N[C@@H](CC(=O)c1ccccc1NC=O)C(=O)O,MTSLRYWDISPALDPNTPTWPGDTPFQQEWAARLDEQCPVNVGRITLSPHTGAHVDGPLHYRADGLPIGQVPLDIYMGPCRVIHCIGANPLVTPEHLAGQLDDLPSRVLLRTFERVPANWPEGFCAIAPATIECLAERGVRLVGIDTPSLDPQHSKTLDAHHAVGRHGMAILEGVVLDDVPAGDYELLALPLKFTHLDASPVRAVLRALPTAE,114.2,pseudomonas aeruginosa
86,CC(O)C1C(=O)N2C(C(=O)O)=C(SC3CNC(C(=O)Nc4cccc(C(=O)O)c4)C3)C(C)C12,MKKLFVLCVFFLCNIAAADDSLPDLKIEKLEKGVYVHTSFEEVKGWGVVTKHGLVVLVKNDAYLIDTPITAKDTEKLVNWFIEHGYRIKGSISTHFHGDSTAGIEWLNSQSISTYASELTNELLKKDNKVQATNSFSGVSYSLIKNKIEVFYPGPGHTQDNVVVWLPEKKILFGGCFVKPDGLGNLGDANLEAWPKSAKILMSKYGKAKLVVSSHSEIGNASLLQRTWEQAVKGLNESKKPLQPSS,0.03,pseudomonas aeruginosa
87,CC(O)C1C(=O)N2C(C(=O)O)=C(SC3CNC(C(=O)N(C)C)C3)C(C)C12,MKKLFVLCVFFLCNIAAADDSLPDLKIEKLEKGVYVHTSFEEVKGWGVVTKHGLVVLVKNDAYLIDTPITAKDTEKLVNWFIEHGYRIKGSISTHFHGDSTAGIEWLNSQSISTYASELTNELLKKDNKVQATNSFSGVSYSLIKNKIEVFYPGPGHTQDNVVVWLPEKKILFGGCFVKPDGLGNLGDANLEAWPKSAKILMSKYGKAKLVVSSHSEIGNASLLQRTWEQAVKGLNESKKPLQPSS,0.05,pseudomonas aeruginosa
88,CC1=C(SCC/N=C/N)CC2C(C(C)O)C(C(=O)O)N12,MRPLLLSALLLLSGHTQASEWNDSQAVDKLFGAAGVKGTFVLYDVQRQRYVGHDRERAETRFVPASTYKVANSLIGLSTGAVRSADEVLPYGGKPQRFKAWEHDMSLREAIKASNVPVYQELARRIGLERMRANVSRLGYGNAEIGQVVDNFWLVGPLKISAMEQTHFLLRLAQGELPFPAPVQSTVRAMTLLESGPGWELHGKTGWCFDCTPELGWWVGWVKRNERLYGFALNIDMPGGEADIGKRVELGKASLKALGILP,0.1,pseudomonas aeruginosa
89,CC(=O)OCC1=C(C(=O)O)N2C(=O)[C@@H](NC(=O)Cc3cccs3)[C@H]2SC1,MRPLLLSALLLLSGHTQASEWNDSQAVDKLFGAAGVKGTFVLYDVQRQRYVGHDRERAETRFVPASTYKVANSLIGLSTGAVRSADEVLPYGGKPQRFKAWEHDMSLREAIKASNVPVYQELARRIGLERMRANVSRLGYGNAEIGQVVDNFWLVGPLKISAMEQTHFLLRLAQGELPFPAPVQSTVRAMTLLESGPGWELHGKTGWCFDCTPELGWWVGWVKRNERLYGFALNIDMPGGEADIGKRVELGKASLKALGILP,0.2,pseudomonas aeruginosa
90,CO/N=C(\C(=O)N[C@@H]1C(=O)N2C(C(=O)[O-])=C(C[N+]3(C)CCCC3)CS[C@H]12)c1csc(N)n1,MKKLFVLCVFFLCNIAAADDSLPDLKIEKLEKGVYVHTSFEEVKGWGVVTKHGLVVLVKNDAYLIDTPITAKDTEKLVNWFIEHGYRIKGSISTHFHGDSTAGIEWLNSQSISTYASELTNELLKKDNKVQATNSFSGVSYSLIKNKIEVFYPGPGHTQDNVVVWLPEKKILFGGCFVKPDGLGNLGDANLEAWPKSAKILMSKYGKAKLVVSSHSEIGNASLLQRTWEQAVKGLNESKKPLQPSS,0.35,pseudomonas aeruginosa
91,CC(=O)OCC1=C(C(=O)O)N2C(=O)[C@@H](NC(=O)Cc3cccs3)[C@H]2SC1,MKKLFVLCVFFLCNIAAADDSLPDLKIEKLEKGVYVHTSFEEVKGWGVVTKHGLVVLVKNDAYLIDTPITAKDTEKLVNWFIEHGYRIKGSISTHFHGDSTAGIEWLNSQSISTYASELTNELLKKDNKVQATNSFSGVSYSLIKNKIEVFYPGPGHTQDNVVVWLPEKKILFGGCFVKPDGLGNLGDANLEAWPKSAKILMSKYGKAKLVVSSHSEIGNASLLQRTWEQAVKGLNESKKPLQPSS,0.4,pseudomonas aeruginosa
92,CO/N=C(/C(=O)N[C@@H]1C(=O)N2C(C(=O)O)=C(COC(C)=O)CS[C@H]12)c1csc(N)n1,MKKLFVLCVFFLCNIAAADDSLPDLKIEKLEKGVYVHTSFEEVKGWGVVTKHGLVVLVKNDAYLIDTPITAKDTEKLVNWFIEHGYRIKGSISTHFHGDSTAGIEWLNSQSISTYASELTNELLKKDNKVQATNSFSGVSYSLIKNKIEVFYPGPGHTQDNVVVWLPEKKILFGGCFVKPDGLGNLGDANLEAWPKSAKILMSKYGKAKLVVSSHSEIGNASLLQRTWEQAVKGLNESKKPLQPSS,0.7,pseudomonas aeruginosa
93,CO/N=C(/C(=O)N[C@@H]1C(=O)N2C(C(=O)O)=C(COC(N)=O)CS[C@H]12)c1ccco1,MKKLFVLCVFFLCNIAAADDSLPDLKIEKLEKGVYVHTSFEEVKGWGVVTKHGLVVLVKNDAYLIDTPITAKDTEKLVNWFIEHGYRIKGSISTHFHGDSTAGIEWLNSQSISTYASELTNELLKKDNKVQATNSFSGVSYSLIKNKIEVFYPGPGHTQDNVVVWLPEKKILFGGCFVKPDGLGNLGDANLEAWPKSAKILMSKYGKAKLVVSSHSEIGNASLLQRTWEQAVKGLNESKKPLQPSS,0.9,pseudomonas aeruginosa
94,CO/N=C(\C(=O)N[C@@H]1C(=O)N2C(C(=O)[O-])=C(C[N+]3(C)CCCC3)CS[C@H]12)c1csc(N)n1,MKLLLYPLLLFLVIPAFAQADFEHAISDLEAHNQAKIGVALVSENGNLIQGYRANERFAMCSTFKLPLAALVLSRIDAGEENPERKLHYDSAFLEEYAPAAKRYVATGYMTVTEAIQSALQLSDNAAANLLLKEVGGPPLLTKYFRSLGDKVSRLDRIEPTLNTNTPGDERDTTTPMSMAQTVSKLIFGDTLTYKSKGQLRRLLIGNQTGDKTIRAGLPDSWVTGDKTGSCANGGRNDVAFFITTAGKKYVLSVYTNAPELQGEERALLIASVAKLARQYVVH,1.0,pseudomonas aeruginosa
95,CC(C)(O/N=C(\C(=O)N[C@@H]1C(=O)N2C(C(=O)[O-])=C(C[n+]3ccccc3)CS[C@H]12)c1csc(N)n1)C(=O)O,MKKLFVLCVFFLCNIAAADDSLPDLKIEKLEKGVYVHTSFEEVKGWGVVTKHGLVVLVKNDAYLIDTPITAKDTEKLVNWFIEHGYRIKGSISTHFHGDSTAGIEWLNSQSISTYASELTNELLKKDNKVQATNSFSGVSYSLIKNKIEVFYPGPGHTQDNVVVWLPEKKILFGGCFVKPDGLGNLGDANLEAWPKSAKILMSKYGKAKLVVSSHSEIGNASLLQRTWEQAVKGLNESKKPLQPSS,1.0,pseudomonas aeruginosa
96,CO/N=C(/C(=O)N[C@@H]1C(=O)N2C(C(=O)O)=C(COC(C)=O)CS[C@H]12)c1csc(N)n1,MVTVFGILNLTEDSFF,1.1,pseudomonas aeruginosa
97,CC(C)(O/N=C(\C(=O)N[C@@H]1C(=O)N2C(C(=O)[O-])=C(C[n+]3ccccc3)CS[C@H]12)c1csc(N)n1)C(=O)O,MFQIRSFLVGISAFVMAVLGSAAYSAQPGGEYPTVDDIPVGEVRLYKIGDGVWSHIATQKLGDTVYSSNGLIVRDADELLLIDTAWGAKNTVALLAEIEKQIGLPVTRSISTHFHDDRVGGVDVLRAAGVATYTSPLTRQLAEAAGNEVPAHSLKALSSSGDVVRFGPVEVFYPGAAHSGDNLVVYVPAVRVLFGGCAVHEASRESAGNVADANLAEWPATIKRIQQRYPEAEVVIPGHGLPGGLELLQHTTNVVKTHKVRPVAE,1.4,pseudomonas aeruginosa
98,CC(O)C1C(=O)N2C(C(=O)O)=C(SC3CNC(C(=O)N(C)C)C3)C(C)C12,MKKLFVLCVCFFCSITAAGAALPDLKIEKLEEGVFVHTSFEEVNGWGVVTKHGLVVLVNTDAYLIDTPFTATDTEKLVNWFVERGYEIKGTISSHFHSDSTGGIEWLNSQSIPTYASELTNELLKKSGKVQAKYSFSEVSYWLVKNKIEVFYPGPGHTQDNLVVWLPESKILFGGCFIKPHGLGNLGDANLEAWPKSAKILMSKYGKAKLVVSSHSEKGDASLMKRTWEQALKGLKESKKTSSPSN,1.4,pseudomonas aeruginosa
99,CC(O)C1C(=O)N2C(C(=O)O)=C(SC3CNC(C(=O)Nc4cccc(C(=O)O)c4)C3)C(C)C12,MKKLFVLCVCFFCSITAAGAALPDLKIEKLEEGVFVHTSFEEVNGWGVVTKHGLVVLVNTDAYLIDTPFTATDTEKLVNWFVERGYEIKGTISSHFHSDSTGGIEWLNSQSIPTYASELTNELLKKSGKVQAKYSFSEVSYWLVKNKIEVFYPGPGHTQDNLVVWLPESKILFGGCFIKPHGLGNLGDANLEAWPKSAKILMSKYGKAKLVVSSHSEKGDASLMKRTWEQALKGLKESKKTSSPSN,1.8,pseudomonas aeruginosa
100,CO[C@@]1(NC(=O)Cc2cccs2)C(=O)N2C(C(=O)O)=C(COC(N)=O)CS[C@@H]21,MKKLFVLCVFFLCNIAAADDSLPDLKIEKLEKGVYVHTSFEEVKGWGVVTKHGLVVLVKNDAYLIDTPITAKDTEKLVNWFIEHGYRIKGSISTHFHGDSTAGIEWLNSQSISTYASELTNELLKKDNKVQATNSFSGVSYSLIKNKIEVFYPGPGHTQDNVVVWLPEKKILFGGCFVKPDGLGNLGDANLEAWPKSAKILMSKYGKAKLVVSSHSEIGNASLLQRTWEQAVKGLNESKKPLQPSS,2.0,pseudomonas aeruginosa
101,CCN1CCN(C(=O)N[C@@H](C(=O)N[C@@H]2C(=O)N3[C@@H]2SC(C)(C)[C@@H]3C(=O)O)c2ccccc2)C(=O)C1=O,MKLLLYPLLLFLVIPAFAQADFEHAISDLEAHNQAKIGVALVSENGNLIQGYRANERFAMCSTFKLPLAALVLSRIDAGEENPERKLHYDSAFLEEYAPAAKRYVATGYMTVTEAIQSALQLSDNAAANLLLKEVGGPPLLTKYFRSLGDKVSRLDRIEPTLNTNTPGDERDTTTPMSMAQTVSKLIFGDTLTYKSKGQLRRLLIGNQTGDKTIRAGLPDSWVTGDKTGSCANGGRNDVAFFITTAGKKYVLSVYTNAPELQGEERALLIASVAKLARQYVVH,2.0,pseudomonas aeruginosa
102,CC1(C)S[C@@H]2[C@H](NC(=O)[C@H](C(=O)O)c3ccsc3)C(=O)N2[C@H]1C(=O)O,MVTVFGILNLTEDSFF,2.3,pseudomonas aeruginosa
103,CC(O)C1C(=O)N2C(C(=O)O)=C(SC3CNC(C(=O)N(C)C)C3)C(C)C12,MVTVFGILNLTEDSFF,2.7,pseudomonas aeruginosa
104,CC1(C)S[C@@H]2[C@H](NC(=O)Cc3ccccc3)C(=O)N2[C@H]1C(=O)O,MKLLLYPLLLFLVIPAFAQADFEHAISDLEAHNQAKIGVALVSENGNLIQGYRANERFAMCSTFKLPLAALVLSRIDAGEENPERKLHYDSAFLEEYAPAAKRYVATGYMTVTEAIQSALQLSDNAAANLLLKEVGGPPLLTKYFRSLGDKVSRLDRIEPTLNTNTPGDERDTTTPMSMAQTVSKLIFGDTLTYKSKGQLRRLLIGNQTGDKTIRAGLPDSWVTGDKTGSCANGGRNDVAFFITTAGKKYVLSVYTNAPELQGEERALLIASVAKLARQYVVH,3.0,pseudomonas aeruginosa
105,CC1(C)S[C@@H]2[C@H](NC(=O)[C@H](N)c3ccccc3)C(=O)N2[C@H]1C(=O)O,MVTVFGILNLTEDSFF,3.3,pseudomonas aeruginosa
106,CC1(C)S[C@@H]2[C@H](NC(=O)C(C(=O)O)c3ccccc3)C(=O)N2[C@H]1C(=O)O,MVTVFGILNLTEDSFF,4.1,pseudomonas aeruginosa
107,CO/N=C(\C(=O)N[C@@H]1C(=O)N2C(C(=O)[O-])=C(C[N+]3(C)CCCC3)CS[C@H]12)c1csc(N)n1,MFQIRSFLVGISAFVMAVLGSAAYSAQPGGEYPTVDDIPVGEVRLYKIGDGVWSHIATQKLGDTVYSSNGLIVRDADELLLIDTAWGAKNTVALLAEIEKQIGLPVTRSISTHFHDDRVGGVDVLRAAGVATYTSPLTRQLAEAAGNEVPAHSLKALSSSGDVVRFGPVEVFYPGAAHSGDNLVVYVPAVRVLFGGCAVHEASRESAGNVADANLAEWPATIKRIQQRYPEAEVVIPGHGLPGGLELLQHTTNVVKTHKVRPVAE,5.3,pseudomonas aeruginosa
108,O=C(Cc1cccs1)N[C@@H]1C(=O)N2C(C(=O)O)=C(/C=C/c3ccc([N+](=O)[O-])cc3[N+](=O)[O-])CS[C@H]12,MVTVFGILNLTEDSFF,5.8,pseudomonas aeruginosa
109,CO/N=C(/C(=O)N[C@@H]1C(=O)N2C(C(=O)O)=C(COC(N)=O)CS[C@H]12)c1ccco1,MVTVFGILNLTEDSFF,5.9,pseudomonas aeruginosa
110,CC1(C)S[C@@H]2[C@H](NC(=O)[C@H](C(=O)O)c3ccsc3)C(=O)N2[C@H]1C(=O)O,MKLLLYPLLLFLVIPAFAQADFEHAISDLEAHNQAKIGVALVSENGNLIQGYRANERFAMCSTFKLPLAALVLSRIDAGEENPERKLHYDSAFLEEYAPAAKRYVATGYMTVTEAIQSALQLSDNAAANLLLKEVGGPPLLTKYFRSLGDKVSRLDRIEPTLNTNTPGDERDTTTPMSMAQTVSKLIFGDTLTYKSKGQLRRLLIGNQTGDKTIRAGLPDSWVTGDKTGSCANGGRNDVAFFITTAGKKYVLSVYTNAPELQGEERALLIASVAKLARQYVVH,6.0,pseudomonas aeruginosa
111,CC1(C)S[C@@H]2[C@H](NC(=O)Cc3ccccc3)C(=O)N2[C@H]1C(=O)[O-].[Na+],MVTVFGILNLTEDSFF,6.6,pseudomonas aeruginosa
112,CCN1CCN(C(=O)N[C@@H](C(=O)N[C@@H]2C(=O)N3[C@@H]2SC(C)(C)[C@@H]3C(=O)O)c2ccccc2)C(=O)C1=O,MVTVFGILNLTEDSFF,6.9,pseudomonas aeruginosa
113,CC(O)C1C(=O)N2C(C(=O)O)=C(SC3CNC(C(=O)N(C)C)C3)C(C)C12,MLKVISSLLVYMTASVMAVASPLAHSGEPSGEYPTVNEIPVGEVRLYQIADGVWSHIATQSFDGAVYPSNGLIVRDGDELLLIDTAWGAKNTAALLAEIEKQIGLPVTRAVSTHFHDDRVGGVDVLRAAGVATYASPSTRRLAEAEGNEIPTHSLEGLSSSGDAVRFGPVELFYPGAAHSTDNLVVYVPSANVLYGGCAVHELSRTSAGNVADADLAEWPTSVERIQKHYPEAEVVIPGHGLPGGLDLLQHTANVVKAHKNRSVAE,7.0,pseudomonas aeruginosa
114,CC(O)C1C(=O)N2C(C(=O)O)=C(SC3CNC(C(=O)Nc4cccc(C(=O)O)c4)C3)C(C)C12,MFQIRSFLVGISAFVMAVLGSAAYSAQPGGEYPTVDDIPVGEVRLYKIGDGVWSHIATQKLGDTVYSSNGLIVRDADELLLIDTAWGAKNTVALLAEIEKQIGLPVTRSISTHFHDDRVGGVDVLRAAGVATYTSPLTRQLAEAAGNEVPAHSLKALSSSGDVVRFGPVEVFYPGAAHSGDNLVVYVPAVRVLFGGCAVHEASRESAGNVADANLAEWPATIKRIQQRYPEAEVVIPGHGLPGGLELLQHTTNVVKTHKVRPVAE,8.0,pseudomonas aeruginosa
115,CO[C@@]1(NC(=O)Cc2cccs2)C(=O)N2C(C(=O)O)=C(COC(N)=O)CS[C@@H]21,MVTVFGILNLTEDSFF,8.3,pseudomonas aeruginosa
116,CC(C)(O/N=C(\C(=O)N[C@@H]1C(=O)N2C(C(=O)[O-])=C(C[n+]3ccccc3)CS[C@H]12)c1csc(N)n1)C(=O)O,MKKLFVLCVCFFCSITAAGAALPDLKIEKLEEGVFVHTSFEEVNGWGVVTKHGLVVLVNTDAYLIDTPFTATDTEKLVNWFVERGYEIKGTISSHFHSDSTGGIEWLNSQSIPTYASELTNELLKKSGKVQAKYSFSEVSYWLVKNKIEVFYPGPGHTQDNLVVWLPESKILFGGCFIKPHGLGNLGDANLEAWPKSAKILMSKYGKAKLVVSSHSEKGDASLMKRTWEQALKGLKESKKTSSPSN,9.0,pseudomonas aeruginosa
117,CC1(C)S[C@@H]2[C@H](NC(=O)[C@H](N)c3ccc(O)cc3)C(=O)N2[C@H]1C(=O)O,MKLLLYPLLLFLVIPAFAQADFEHAISDLEAHNQAKIGVALVSENGNLIQGYRANERFAMCSTFKLPLAALVLSRIDAGEENPERKLHYDSAFLEEYAPAAKRYVATGYMTVTEAIQSALQLSDNAAANLLLKEVGGPPLLTKYFRSLGDKVSRLDRIEPTLNTNTPGDERDTTTPMSMAQTVSKLIFGDTLTYKSKGQLRRLLIGNQTGDKTIRAGLPDSWVTGDKTGSCANGGRNDVAFFITTAGKKYVLSVYTNAPELQGEERALLIASVAKLARQYVVH,10.0,pseudomonas aeruginosa
118,C[C@H]1[C@H](NC(=O)/C(=N\OC(C)(C)C(=O)O)c2csc(N)n2)C(=O)N1S(=O)(=O)O,MKLLLYPLLLFLVIPAFAQADFEHAISDLEAHNQAKIGVALVSENGNLIQGYRANERFAMCSTFKLPLAALVLSRIDAGEENPERKLHYDSAFLEEYAPAAKRYVATGYMTVTEAIQSALQLSDNAAANLLLKEVGGPPLLTKYFRSLGDKVSRLDRIEPTLNTNTPGDERDTTTPMSMAQTVSKLIFGDTLTYKSKGQLRRLLIGNQTGDKTIRAGLPDSWVTGDKTGSCANGGRNDVAFFITTAGKKYVLSVYTNAPELQGEERALLIASVAKLARQYVVH,10.0,pseudomonas aeruginosa
119,CO[C@@]1(NC(=O)Cc2cccs2)C(=O)N2C(C(=O)O)=C(COC(N)=O)CS[C@@H]21,MFQIRSFLVGISAFVMAVLGSAAYSAQPGGEYPTVDDIPVGEVRLYKIGDGVWSHIATQKLGDTVYSSNGLIVRDADELLLIDTAWGAKNTVALLAEIEKQIGLPVTRSISTHFHDDRVGGVDVLRAAGVATYTSPLTRQLAEAAGNEVPAHSLKALSSSGDVVRFGPVEVFYPGAAHSGDNLVVYVPAVRVLFGGCAVHEASRESAGNVADANLAEWPATIKRIQQRYPEAEVVIPGHGLPGGLELLQHTTNVVKTHKVRPVAE,10.0,pseudomonas aeruginosa
120,CO/N=C(/C(=O)N[C@@H]1C(=O)N2C(C(=O)O)=C(COC(N)=O)CS[C@H]12)c1ccco1,MKLLLYPLLLFLVIPAFAQADFEHAISDLEAHNQAKIGVALVSENGNLIQGYRANERFAMCSTFKLPLAALVLSRIDAGEENPERKLHYDSAFLEEYAPAAKRYVATGYMTVTEAIQSALQLSDNAAANLLLKEVGGPPLLTKYFRSLGDKVSRLDRIEPTLNTNTPGDERDTTTPMSMAQTVSKLIFGDTLTYKSKGQLRRLLIGNQTGDKTIRAGLPDSWVTGDKTGSCANGGRNDVAFFITTAGKKYVLSVYTNAPELQGEERALLIASVAKLARQYVVH,10.0,pseudomonas aeruginosa
121,CO/N=C(\C(=O)N[C@@H]1C(=O)N2C(C(=O)[O-])=C(C[N+]3(C)CCCC3)CS[C@H]12)c1csc(N)n1,MKKLFVLCVCFFCSITAAGAALPDLKIEKLEEGVFVHTSFEEVNGWGVVTKHGLVVLVNTDAYLIDTPFTATDTEKLVNWFVERGYEIKGTISSHFHSDSTGGIEWLNSQSIPTYASELTNELLKKSGKVQAKYSFSEVSYWLVKNKIEVFYPGPGHTQDNLVVWLPESKILFGGCFIKPHGLGNLGDANLEAWPKSAKILMSKYGKAKLVVSSHSEKGDASLMKRTWEQALKGLKESKKTSSPSN,12.0,pseudomonas aeruginosa
122,CO[C@@]1(NC(=O)C(C(=O)O)c2ccc(O)cc2)C(=O)N2C(C(=O)O)=C(CSc3nnnn3C)CO[C@@H]21,MVTVFGILNLTEDSFF,14.0,pseudomonas aeruginosa
123,C[C@@H](O)[C@H]1C(=O)N2C(C(=O)[O-])=C(SC3Cn4cnc[n+]4C3)[C@H](C)[C@H]12,MLKVISSLLVYMTASVMAVASPLAHSGEPSGEYPTVNEIPVGEVRLYQIADGVWSHIATQSFDGAVYPSNGLIVRDGDELLLIDTAWGAKNTAALLAEIEKQIGLPVTRAVSTHFHDDRVGGVDVLRAAGVATYASPSTRRLAEAEGNEIPTHSLEGLSSSGDAVRFGPVELFYPGAAHSTDNLVVYVPSANVLYGGCAVHELSRTSAGNVADADLAEWPTSVERIQKHYPEAEVVIPGHGLPGGLDLLQHTANVVKAHKNRSVAE,15.0,pseudomonas aeruginosa
124,CO/N=C(/C(=O)N[C@@H]1C(=O)N2C(C(=O)O)=C(COC(N)=O)CS[C@H]12)c1ccco1,MFQIRSFLVGISAFVMAVLGSAAYSAQPGGEYPTVDDIPVGEVRLYKIGDGVWSHIATQKLGDTVYSSNGLIVRDADELLLIDTAWGAKNTVALLAEIEKQIGLPVTRSISTHFHDDRVGGVDVLRAAGVATYTSPLTRQLAEAAGNEVPAHSLKALSSSGDVVRFGPVEVFYPGAAHSGDNLVVYVPAVRVLFGGCAVHEASRESAGNVADANLAEWPATIKRIQQRYPEAEVVIPGHGLPGGLELLQHTTNVVKTHKVRPVAE,16.0,pseudomonas aeruginosa
125,CC(=O)OCC1=C(C(=O)O)N2C(=O)[C@@H](NC(=O)Cc3cccs3)[C@H]2SC1,MVTVFGILNLTEDSFF,16.0,pseudomonas aeruginosa
126,CO/N=C(\C(=O)N[C@@H]1C(=O)N2C(C(=O)[O-])=C(C[N+]3(C)CCCC3)CS[C@H]12)c1csc(N)n1,MVTVFGILNLTEDSFF,17.0,pseudomonas aeruginosa
127,CC1=C(SCC/N=C/N)CC2C(C(C)O)C(C(=O)O)N12,MKKLFVLCVFFLCNIAAADDSLPDLKIEKLEKGVYVHTSFEEVKGWGVVTKHGLVVLVKNDAYLIDTPITAKDTEKLVNWFIEHGYRIKGSISTHFHGDSTAGIEWLNSQSISTYASELTNELLKKDNKVQATNSFSGVSYSLIKNKIEVFYPGPGHTQDNVVVWLPEKKILFGGCFVKPDGLGNLGDANLEAWPKSAKILMSKYGKAKLVVSSHSEIGNASLLQRTWEQAVKGLNESKKPLQPSS,17.0,pseudomonas aeruginosa
128,CC(C)(O/N=C(\C(=O)N[C@@H]1C(=O)N2C(C(=O)[O-])=C(C[n+]3ccccc3)CS[C@H]12)c1csc(N)n1)C(=O)O,MVTVFGILNLTEDSFF,18.0,pseudomonas aeruginosa
129,CO/N=C(/C(=O)N[C@@H]1C(=O)N2C(C(=O)O)=C(COC(N)=O)CS[C@H]12)c1ccco1,MKKLFVLCVCFFCSITAAGAALPDLKIEKLEEGVFVHTSFEEVNGWGVVTKHGLVVLVNTDAYLIDTPFTATDTEKLVNWFVERGYEIKGTISSHFHSDSTGGIEWLNSQSIPTYASELTNELLKKSGKVQAKYSFSEVSYWLVKNKIEVFYPGPGHTQDNLVVWLPESKILFGGCFIKPHGLGNLGDANLEAWPKSAKILMSKYGKAKLVVSSHSEKGDASLMKRTWEQALKGLKESKKTSSPSN,23.0,pseudomonas aeruginosa
130,NC(=O)c1cc[n+](CC2=C(C(=O)[O-])N3C(=O)[C@@H](NC(=O)C(c4ccccc4)S(=O)(=O)O)[C@H]3SC2)cc1,MKLLLYPLLLFLVIPAFAQADFEHAISDLEAHNQAKIGVALVSENGNLIQGYRANERFAMCSTFKLPLAALVLSRIDAGEENPERKLHYDSAFLEEYAPAAKRYVATGYMTVTEAIQSALQLSDNAAANLLLKEVGGPPLLTKYFRSLGDKVSRLDRIEPTLNTNTPGDERDTTTPMSMAQTVSKLIFGDTLTYKSKGQLRRLLIGNQTGDKTIRAGLPDSWVTGDKTGSCANGGRNDVAFFITTAGKKYVLSVYTNAPELQGEERALLIASVAKLARQYVVH,25.0,pseudomonas aeruginosa
131,CO/N=C(\C(=O)N[C@@H]1C(=O)N2C(C(=O)O)=C(CSc3nc(=O)c(O)nn3C)CS[C@H]12)c1csc(N)n1,MKLLLYPLLLFLVIPAFAQADFEHAISDLEAHNQAKIGVALVSENGNLIQGYRANERFAMCSTFKLPLAALVLSRIDAGEENPERKLHYDSAFLEEYAPAAKRYVATGYMTVTEAIQSALQLSDNAAANLLLKEVGGPPLLTKYFRSLGDKVSRLDRIEPTLNTNTPGDERDTTTPMSMAQTVSKLIFGDTLTYKSKGQLRRLLIGNQTGDKTIRAGLPDSWVTGDKTGSCANGGRNDVAFFITTAGKKYVLSVYTNAPELQGEERALLIASVAKLARQYVVH,25.0,pseudomonas aeruginosa
132,CC(=O)OCC1=C(C(=O)O)N2C(=O)[C@@H](NC(=O)Cc3cccs3)[C@H]2SC1,MKKLFVLCVCFFCSITAAGAALPDLKIEKLEEGVFVHTSFEEVNGWGVVTKHGLVVLVNTDAYLIDTPFTATDTEKLVNWFVERGYEIKGTISSHFHSDSTGGIEWLNSQSIPTYASELTNELLKKSGKVQAKYSFSEVSYWLVKNKIEVFYPGPGHTQDNLVVWLPESKILFGGCFIKPHGLGNLGDANLEAWPKSAKILMSKYGKAKLVVSSHSEKGDASLMKRTWEQALKGLKESKKTSSPSN,25.0,pseudomonas aeruginosa
133,CC1=C(SCC/N=C/N)CC2C(C(C)O)C(C(=O)O)N12,MVTVFGILNLTEDSFF,27.0,pseudomonas aeruginosa
134,CO/N=C(/C(=O)N[C@@H]1C(=O)N2C(C(=O)O)=C(COC(C)=O)CS[C@H]12)c1csc(N)n1,MKLLLYPLLLFLVIPAFAQADFEHAISDLEAHNQAKIGVALVSENGNLIQGYRANERFAMCSTFKLPLAALVLSRIDAGEENPERKLHYDSAFLEEYAPAAKRYVATGYMTVTEAIQSALQLSDNAAANLLLKEVGGPPLLTKYFRSLGDKVSRLDRIEPTLNTNTPGDERDTTTPMSMAQTVSKLIFGDTLTYKSKGQLRRLLIGNQTGDKTIRAGLPDSWVTGDKTGSCANGGRNDVAFFITTAGKKYVLSVYTNAPELQGEERALLIASVAKLARQYVVH,30.0,pseudomonas aeruginosa
135,O=C(Cc1cccs1)N[C@@H]1C(=O)N2C(C(=O)[O-])=C(C[n+]3ccccc3)CS[C@H]12,MKLLLYPLLLFLVIPAFAQADFEHAISDLEAHNQAKIGVALVSENGNLIQGYRANERFAMCSTFKLPLAALVLSRIDAGEENPERKLHYDSAFLEEYAPAAKRYVATGYMTVTEAIQSALQLSDNAAANLLLKEVGGPPLLTKYFRSLGDKVSRLDRIEPTLNTNTPGDERDTTTPMSMAQTVSKLIFGDTLTYKSKGQLRRLLIGNQTGDKTIRAGLPDSWVTGDKTGSCANGGRNDVAFFITTAGKKYVLSVYTNAPELQGEERALLIASVAKLARQYVVH,30.0,pseudomonas aeruginosa
136,CC1(C)S[C@@H]2[C@H](NC(=O)[C@H](C(=O)O)c3ccsc3)C(=O)N2[C@H]1C(=O)O,MKKLFVLCVFFLCNIAAADDSLPDLKIEKLEKGVYVHTSFEEVKGWGVVTKHGLVVLVKNDAYLIDTPITAKDTEKLVNWFIEHGYRIKGSISTHFHGDSTAGIEWLNSQSISTYASELTNELLKKDNKVQATNSFSGVSYSLIKNKIEVFYPGPGHTQDNVVVWLPEKKILFGGCFVKPDGLGNLGDANLEAWPKSAKILMSKYGKAKLVVSSHSEIGNASLLQRTWEQAVKGLNESKKPLQPSS,30.0,pseudomonas aeruginosa
137,CO/N=C(/C(=O)N[C@@H]1C(=O)N2C(C(=O)O)=C(COC(C)=O)CS[C@H]12)c1csc(N)n1,MKKLFVLCVCFFCSITAAGAALPDLKIEKLEEGVFVHTSFEEVNGWGVVTKHGLVVLVNTDAYLIDTPFTATDTEKLVNWFVERGYEIKGTISSHFHSDSTGGIEWLNSQSIPTYASELTNELLKKSGKVQAKYSFSEVSYWLVKNKIEVFYPGPGHTQDNLVVWLPESKILFGGCFIKPHGLGNLGDANLEAWPKSAKILMSKYGKAKLVVSSHSEKGDASLMKRTWEQALKGLKESKKTSSPSN,33.0,pseudomonas aeruginosa
138,CO[C@@]1(NC(=O)Cc2cccs2)C(=O)N2C(C(=O)O)=C(COC(N)=O)CS[C@@H]21,MKKLFVLCVCFFCSITAAGAALPDLKIEKLEEGVFVHTSFEEVNGWGVVTKHGLVVLVNTDAYLIDTPFTATDTEKLVNWFVERGYEIKGTISSHFHSDSTGGIEWLNSQSIPTYASELTNELLKKSGKVQAKYSFSEVSYWLVKNKIEVFYPGPGHTQDNLVVWLPESKILFGGCFIKPHGLGNLGDANLEAWPKSAKILMSKYGKAKLVVSSHSEKGDASLMKRTWEQALKGLKESKKTSSPSN,35.0,pseudomonas aeruginosa
139,CC(O)C1C(=O)N2C(C(=O)O)=C(SC3CNC(C(=O)N(C)C)C3)C(C)C12,MFQIRSFLVGISAFVMAVLGSAAYSAQPGGEYPTVDDIPVGEVRLYKIGDGVWSHIATQKLGDTVYSSNGLIVRDADELLLIDTAWGAKNTVALLAEIEKQIGLPVTRSISTHFHDDRVGGVDVLRAAGVATYTSPLTRQLAEAAGNEVPAHSLKALSSSGDVVRFGPVEVFYPGAAHSGDNLVVYVPAVRVLFGGCAVHEASRESAGNVADANLAEWPATIKRIQQRYPEAEVVIPGHGLPGGLELLQHTTNVVKTHKVRPVAE,42.0,pseudomonas aeruginosa
140,CC1(C)S[C@@H]2[C@H](NC(=O)Cc3ccccc3)C(=O)N2[C@H]1C(=O)O,MKKLFVLCVFFLCNIAAADDSLPDLKIEKLEKGVYVHTSFEEVKGWGVVTKHGLVVLVKNDAYLIDTPITAKDTEKLVNWFIEHGYRIKGSISTHFHGDSTAGIEWLNSQSISTYASELTNELLKKDNKVQATNSFSGVSYSLIKNKIEVFYPGPGHTQDNVVVWLPEKKILFGGCFVKPDGLGNLGDANLEAWPKSAKILMSKYGKAKLVVSSHSEIGNASLLQRTWEQAVKGLNESKKPLQPSS,54.0,pseudomonas aeruginosa
141,O=C(Cc1cccs1)N[C@@H]1C(=O)N2C(C(=O)O)=C(/C=C/c3ccc([N+](=O)[O-])cc3[N+](=O)[O-])CS[C@H]12,MKKLFVLCVFFLCNIAAADDSLPDLKIEKLEKGVYVHTSFEEVKGWGVVTKHGLVVLVKNDAYLIDTPITAKDTEKLVNWFIEHGYRIKGSISTHFHGDSTAGIEWLNSQSISTYASELTNELLKKDNKVQATNSFSGVSYSLIKNKIEVFYPGPGHTQDNVVVWLPEKKILFGGCFVKPDGLGNLGDANLEAWPKSAKILMSKYGKAKLVVSSHSEIGNASLLQRTWEQAVKGLNESKKPLQPSS,55.0,pseudomonas aeruginosa
142,CO/N=C(/C(=O)N[C@@H]1C(=O)N2C(C(=O)O)=C(COC(C)=O)CS[C@H]12)c1csc(N)n1,MFQIRSFLVGISAFVMAVLGSAAYSAQPGGEYPTVDDIPVGEVRLYKIGDGVWSHIATQKLGDTVYSSNGLIVRDADELLLIDTAWGAKNTVALLAEIEKQIGLPVTRSISTHFHDDRVGGVDVLRAAGVATYTSPLTRQLAEAAGNEVPAHSLKALSSSGDVVRFGPVEVFYPGAAHSGDNLVVYVPAVRVLFGGCAVHEASRESAGNVADANLAEWPATIKRIQQRYPEAEVVIPGHGLPGGLELLQHTTNVVKTHKVRPVAE,56.0,pseudomonas aeruginosa
143,CC1(C)S[C@@H]2[C@H](NC(=O)[C@H](N)c3ccccc3)C(=O)N2[C@H]1C(=O)O,MKKLFVLCVFFLCNIAAADDSLPDLKIEKLEKGVYVHTSFEEVKGWGVVTKHGLVVLVKNDAYLIDTPITAKDTEKLVNWFIEHGYRIKGSISTHFHGDSTAGIEWLNSQSISTYASELTNELLKKDNKVQATNSFSGVSYSLIKNKIEVFYPGPGHTQDNVVVWLPEKKILFGGCFVKPDGLGNLGDANLEAWPKSAKILMSKYGKAKLVVSSHSEIGNASLLQRTWEQAVKGLNESKKPLQPSS,65.0,pseudomonas aeruginosa
144,CC1=C(SCC/N=C/N)CC2C(C(C)O)C(C(=O)O)N12,MLKVISSLLVYMTASVMAVASPLAHSGEPSGEYPTVNEIPVGEVRLYQIADGVWSHIATQSFDGAVYPSNGLIVRDGDELLLIDTAWGAKNTAALLAEIEKQIGLPVTRAVSTHFHDDRVGGVDVLRAAGVATYASPSTRRLAEAEGNEIPTHSLEGLSSSGDAVRFGPVELFYPGAAHSTDNLVVYVPSANVLYGGCAVHELSRTSAGNVADADLAEWPTSVERIQKHYPEAEVVIPGHGLPGGLDLLQHTANVVKAHKNRSVAE,70.0,pseudomonas aeruginosa
145,CC1(C)S[C@@H]2[C@H](NC(=O)[C@@H](NC(=O)N3CCNC3=O)c3ccccc3)C(=O)N2[C@H]1C(=O)O,MFQIRSFLVGISAFVMAVLGSAAYSAQPGGEYPTVDDIPVGEVRLYKIGDGVWSHIATQKLGDTVYSSNGLIVRDADELLLIDTAWGAKNTVALLAEIEKQIGLPVTRSISTHFHDDRVGGVDVLRAAGVATYTSPLTRQLAEAAGNEVPAHSLKALSSSGDVVRFGPVEVFYPGAAHSGDNLVVYVPAVRVLFGGCAVHEASRESAGNVADANLAEWPATIKRIQQRYPEAEVVIPGHGLPGGLELLQHTTNVVKTHKVRPVAE,78.0,pseudomonas aeruginosa
146,CC1(C)S[C@@H]2[C@H](NC(=O)[C@H](N)c3ccccc3)C(=O)N2[C@H]1C(=O)O,MKKLFVLCVCFFCSITAAGAALPDLKIEKLEEGVFVHTSFEEVNGWGVVTKHGLVVLVNTDAYLIDTPFTATDTEKLVNWFVERGYEIKGTISSHFHSDSTGGIEWLNSQSIPTYASELTNELLKKSGKVQAKYSFSEVSYWLVKNKIEVFYPGPGHTQDNLVVWLPESKILFGGCFIKPHGLGNLGDANLEAWPKSAKILMSKYGKAKLVVSSHSEKGDASLMKRTWEQALKGLKESKKTSSPSN,82.0,pseudomonas aeruginosa
147,CC1(C)S[C@@H]2[C@H](NC(=O)C(C(=O)O)c3ccccc3)C(=O)N2[C@H]1C(=O)O,MLKVISSLLVYMTASVMAVASPLAHSGEPSGEYPTVNEIPVGEVRLYQIADGVWSHIATQSFDGAVYPSNGLIVRDGDELLLIDTAWGAKNTAALLAEIEKQIGLPVTRAVSTHFHDDRVGGVDVLRAAGVATYASPSTRRLAEAEGNEIPTHSLEGLSSSGDAVRFGPVELFYPGAAHSTDNLVVYVPSANVLYGGCAVHELSRTSAGNVADADLAEWPTSVERIQKHYPEAEVVIPGHGLPGGLDLLQHTANVVKAHKNRSVAE,100.0,pseudomonas aeruginosa
148,CC1=C(SCC/N=C/N)CC2C(C(C)O)C(C(=O)O)N12,MFQIRSFLVGISAFVMAVLGSAAYSAQPGGEYPTVDDIPVGEVRLYKIGDGVWSHIATQKLGDTVYSSNGLIVRDADELLLIDTAWGAKNTVALLAEIEKQIGLPVTRSISTHFHDDRVGGVDVLRAAGVATYTSPLTRQLAEAAGNEVPAHSLKALSSSGDVVRFGPVEVFYPGAAHSGDNLVVYVPAVRVLFGGCAVHEASRESAGNVADANLAEWPATIKRIQQRYPEAEVVIPGHGLPGGLELLQHTTNVVKTHKVRPVAE,100.0,pseudomonas aeruginosa
149,O=C(Cc1cccs1)N[C@@H]1C(=O)N2C(C(=O)O)=C(/C=C/c3ccc([N+](=O)[O-])cc3[N+](=O)[O-])CS[C@H]12,MRPLLLSALLLLSGHTQASEWNDSQAVDKLFGAAGVKGTFVLYDVQRQRYVGHDRERAETRFVPASTYKVANSLIGLSTGAVRSADEVLPYGGKPQRFKAWEHDMSLREAIKASNVPVYQELARRIGLERMRANVSRLGYGNAEIGQVVDNFWLVGPLKISAMEQTHFLLRLAQGELPFPAPVQSTVRAMTLLESGPGWELHGKTGWCFDCTPELGWWVGWVKRNERLYGFALNIDMPGGEADIGKRVELGKASLKALGILP,100.0,pseudomonas aeruginosa
150,CC1(C)S[C@@H]2[C@H](NC(=O)Cc3ccccc3)C(=O)N2[C@H]1C(=O)O,MRPLLLSALLLLSGHTQASEWNDSQAVDKLFGAAGVKGTFVLYDVQRQRYVGHDRERAETRFVPASTYKVANSLIGLSTGAVRSADEVLPYGGKPQRFKAWEHDMSLREAIKASNVPVYQELARRIGLERMRANVSRLGYGNAEIGQVVDNFWLVGPLKISAMEQTHFLLRLAQGELPFPAPVQSTVRAMTLLESGPGWELHGKTGWCFDCTPELGWWVGWVKRNERLYGFALNIDMPGGEADIGKRVELGKASLKALGILP,110.0,pseudomonas aeruginosa
151,CO/N=C(/C(=O)N[C@@H]1C(=O)N2C(C(=O)O)=C(COC(N)=O)CS[C@H]12)c1ccco1,MLKVISSLLVYMTASVMAVASPLAHSGEPSGEYPTVNEIPVGEVRLYQIADGVWSHIATQSFDGAVYPSNGLIVRDGDELLLIDTAWGAKNTAALLAEIEKQIGLPVTRAVSTHFHDDRVGGVDVLRAAGVATYASPSTRRLAEAEGNEIPTHSLEGLSSSGDAVRFGPVELFYPGAAHSTDNLVVYVPSANVLYGGCAVHELSRTSAGNVADADLAEWPTSVERIQKHYPEAEVVIPGHGLPGGLDLLQHTANVVKAHKNRSVAE,120.0,pseudomonas aeruginosa
152,CC1=C(SCC/N=C/N)CC2C(C(C)O)C(C(=O)O)N12,MKKLFVLCVCFFCSITAAGAALPDLKIEKLEEGVFVHTSFEEVNGWGVVTKHGLVVLVNTDAYLIDTPFTATDTEKLVNWFVERGYEIKGTISSHFHSDSTGGIEWLNSQSIPTYASELTNELLKKSGKVQAKYSFSEVSYWLVKNKIEVFYPGPGHTQDNLVVWLPESKILFGGCFIKPHGLGNLGDANLEAWPKSAKILMSKYGKAKLVVSSHSEKGDASLMKRTWEQALKGLKESKKTSSPSN,120.0,pseudomonas aeruginosa
153,CCN1CCN(C(=O)N[C@@H](C(=O)N[C@@H]2C(=O)N3[C@@H]2SC(C)(C)[C@@H]3C(=O)O)c2ccccc2)C(=O)C1=O,MFQIRSFLVGISAFVMAVLGSAAYSAQPGGEYPTVDDIPVGEVRLYKIGDGVWSHIATQKLGDTVYSSNGLIVRDADELLLIDTAWGAKNTVALLAEIEKQIGLPVTRSISTHFHDDRVGGVDVLRAAGVATYTSPLTRQLAEAAGNEVPAHSLKALSSSGDVVRFGPVEVFYPGAAHSGDNLVVYVPAVRVLFGGCAVHEASRESAGNVADANLAEWPATIKRIQQRYPEAEVVIPGHGLPGGLELLQHTTNVVKTHKVRPVAE,140.0,pseudomonas aeruginosa
154,CC(=O)OCC1=C(C(=O)O)N2C(=O)[C@@H](NC(=O)Cc3cccs3)[C@H]2SC1,MKLLLYPLLLFLVIPAFAQADFEHAISDLEAHNQAKIGVALVSENGNLIQGYRANERFAMCSTFKLPLAALVLSRIDAGEENPERKLHYDSAFLEEYAPAAKRYVATGYMTVTEAIQSALQLSDNAAANLLLKEVGGPPLLTKYFRSLGDKVSRLDRIEPTLNTNTPGDERDTTTPMSMAQTVSKLIFGDTLTYKSKGQLRRLLIGNQTGDKTIRAGLPDSWVTGDKTGSCANGGRNDVAFFITTAGKKYVLSVYTNAPELQGEERALLIASVAKLARQYVVH,150.0,pseudomonas aeruginosa
155,O=C(Cc1cccs1)N[C@@H]1C(=O)N2C(C(=O)[O-])=C(C[n+]3ccccc3)CS[C@H]12,MFQIRSFLVGISAFVMAVLGSAAYSAQPGGEYPTVDDIPVGEVRLYKIGDGVWSHIATQKLGDTVYSSNGLIVRDADELLLIDTAWGAKNTVALLAEIEKQIGLPVTRSISTHFHDDRVGGVDVLRAAGVATYTSPLTRQLAEAAGNEVPAHSLKALSSSGDVVRFGPVEVFYPGAAHSGDNLVVYVPAVRVLFGGCAVHEASRESAGNVADANLAEWPATIKRIQQRYPEAEVVIPGHGLPGGLELLQHTTNVVKTHKVRPVAE,180.0,pseudomonas aeruginosa
156,CC(=O)OCC1=C(C(=O)O)N2C(=O)[C@@H](NC(=O)Cc3cccs3)[C@H]2SC1,MFQIRSFLVGISAFVMAVLGSAAYSAQPGGEYPTVDDIPVGEVRLYKIGDGVWSHIATQKLGDTVYSSNGLIVRDADELLLIDTAWGAKNTVALLAEIEKQIGLPVTRSISTHFHDDRVGGVDVLRAAGVATYTSPLTRQLAEAAGNEVPAHSLKALSSSGDVVRFGPVEVFYPGAAHSGDNLVVYVPAVRVLFGGCAVHEASRESAGNVADANLAEWPATIKRIQQRYPEAEVVIPGHGLPGGLELLQHTTNVVKTHKVRPVAE,180.0,pseudomonas aeruginosa
157,CC1(C)S[C@@H]2[C@H](NC(=O)[C@H](N)c3ccccc3)C(=O)N2[C@H]1C(=O)O,MFQIRSFLVGISAFVMAVLGSAAYSAQPGGEYPTVDDIPVGEVRLYKIGDGVWSHIATQKLGDTVYSSNGLIVRDADELLLIDTAWGAKNTVALLAEIEKQIGLPVTRSISTHFHDDRVGGVDVLRAAGVATYTSPLTRQLAEAAGNEVPAHSLKALSSSGDVVRFGPVEVFYPGAAHSGDNLVVYVPAVRVLFGGCAVHEASRESAGNVADANLAEWPATIKRIQQRYPEAEVVIPGHGLPGGLELLQHTTNVVKTHKVRPVAE,190.0,pseudomonas aeruginosa
158,CC1(C)S[C@@H]2[C@H](NC(=O)[C@H](N)c3ccccc3)C(=O)N2[C@H]1C(=O)O,MLKVISSLLVYMTASVMAVASPLAHSGEPSGEYPTVNEIPVGEVRLYQIADGVWSHIATQSFDGAVYPSNGLIVRDGDELLLIDTAWGAKNTAALLAEIEKQIGLPVTRAVSTHFHDDRVGGVDVLRAAGVATYASPSTRRLAEAEGNEIPTHSLEGLSSSGDAVRFGPVELFYPGAAHSTDNLVVYVPSANVLYGGCAVHELSRTSAGNVADADLAEWPTSVERIQKHYPEAEVVIPGHGLPGGLDLLQHTANVVKAHKNRSVAE,210.0,pseudomonas aeruginosa
159,CC1(C)S[C@@H]2[C@H](NC(=O)[C@H](C(=O)O)c3ccsc3)C(=O)N2[C@H]1C(=O)O,MKKLFVLCVCFFCSITAAGAALPDLKIEKLEEGVFVHTSFEEVNGWGVVTKHGLVVLVNTDAYLIDTPFTATDTEKLVNWFVERGYEIKGTISSHFHSDSTGGIEWLNSQSIPTYASELTNELLKKSGKVQAKYSFSEVSYWLVKNKIEVFYPGPGHTQDNLVVWLPESKILFGGCFIKPHGLGNLGDANLEAWPKSAKILMSKYGKAKLVVSSHSEKGDASLMKRTWEQALKGLKESKKTSSPSN,220.0,pseudomonas aeruginosa
160,CO[C@@]1(NC(=O)C(C(=O)O)c2ccc(O)cc2)C(=O)N2C(C(=O)O)=C(CSc3nnnn3C)CO[C@@H]21,MFQIRSFLVGISAFVMAVLGSAAYSAQPGGEYPTVDDIPVGEVRLYKIGDGVWSHIATQKLGDTVYSSNGLIVRDADELLLIDTAWGAKNTVALLAEIEKQIGLPVTRSISTHFHDDRVGGVDVLRAAGVATYTSPLTRQLAEAAGNEVPAHSLKALSSSGDVVRFGPVEVFYPGAAHSGDNLVVYVPAVRVLFGGCAVHEASRESAGNVADANLAEWPATIKRIQQRYPEAEVVIPGHGLPGGLELLQHTTNVVKTHKVRPVAE,230.0,pseudomonas aeruginosa
161,CCN1CCN(C(=O)N[C@@H](C(=O)N[C@@H]2C(=O)N3[C@@H]2SC(C)(C)[C@@H]3C(=O)O)c2ccccc2)C(=O)C1=O,MKKLFVLCVCFFCSITAAGAALPDLKIEKLEEGVFVHTSFEEVNGWGVVTKHGLVVLVNTDAYLIDTPFTATDTEKLVNWFVERGYEIKGTISSHFHSDSTGGIEWLNSQSIPTYASELTNELLKKSGKVQAKYSFSEVSYWLVKNKIEVFYPGPGHTQDNLVVWLPESKILFGGCFIKPHGLGNLGDANLEAWPKSAKILMSKYGKAKLVVSSHSEKGDASLMKRTWEQALKGLKESKKTSSPSN,280.0,pseudomonas aeruginosa
162,CC1(C)S[C@@H]2[C@H](NC(=O)Cc3ccccc3)C(=O)N2[C@H]1C(=O)O,MFQIRSFLVGISAFVMAVLGSAAYSAQPGGEYPTVDDIPVGEVRLYKIGDGVWSHIATQKLGDTVYSSNGLIVRDADELLLIDTAWGAKNTVALLAEIEKQIGLPVTRSISTHFHDDRVGGVDVLRAAGVATYTSPLTRQLAEAAGNEVPAHSLKALSSSGDVVRFGPVEVFYPGAAHSGDNLVVYVPAVRVLFGGCAVHEASRESAGNVADANLAEWPATIKRIQQRYPEAEVVIPGHGLPGGLELLQHTTNVVKTHKVRPVAE,430.0,pseudomonas aeruginosa
163,CC(=O)OCC1=C(C(=O)O)N2C(=O)[C@@H](NC(=O)Cc3cccs3)[C@H]2SC1,MLKVISSLLVYMTASVMAVASPLAHSGEPSGEYPTVNEIPVGEVRLYQIADGVWSHIATQSFDGAVYPSNGLIVRDGDELLLIDTAWGAKNTAALLAEIEKQIGLPVTRAVSTHFHDDRVGGVDVLRAAGVATYASPSTRRLAEAEGNEIPTHSLEGLSSSGDAVRFGPVELFYPGAAHSTDNLVVYVPSANVLYGGCAVHELSRTSAGNVADADLAEWPTSVERIQKHYPEAEVVIPGHGLPGGLDLLQHTANVVKAHKNRSVAE,500.0,pseudomonas aeruginosa
164,CC1(C)S[C@@H]2[C@H](NC(=O)Cc3ccccc3)C(=O)N2[C@H]1C(=O)O,MLKVISSLLVYMTASVMAVASPLAHSGEPSGEYPTVNEIPVGEVRLYQIADGVWSHIATQSFDGAVYPSNGLIVRDGDELLLIDTAWGAKNTAALLAEIEKQIGLPVTRAVSTHFHDDRVGGVDVLRAAGVATYASPSTRRLAEAEGNEIPTHSLEGLSSSGDAVRFGPVELFYPGAAHSTDNLVVYVPSANVLYGGCAVHELSRTSAGNVADADLAEWPTSVERIQKHYPEAEVVIPGHGLPGGLDLLQHTANVVKAHKNRSVAE,650.0,pseudomonas aeruginosa
165,O=C(Cc1cccs1)N[C@@H]1C(=O)N2C(C(=O)O)=C(/C=C/c3ccc([N+](=O)[O-])cc3[N+](=O)[O-])CS[C@H]12,MLKVISSLLVYMTASVMAVASPLAHSGEPSGEYPTVNEIPVGEVRLYQIADGVWSHIATQSFDGAVYPSNGLIVRDGDELLLIDTAWGAKNTAALLAEIEKQIGLPVTRAVSTHFHDDRVGGVDVLRAAGVATYASPSTRRLAEAEGNEIPTHSLEGLSSSGDAVRFGPVELFYPGAAHSTDNLVVYVPSANVLYGGCAVHELSRTSAGNVADADLAEWPTSVERIQKHYPEAEVVIPGHGLPGGLDLLQHTANVVKAHKNRSVAE,690.0,pseudomonas aeruginosa
166,CC1(C)S[C@@H]2[C@H](NC(=O)C(C(=O)O)c3ccccc3)C(=O)N2[C@H]1C(=O)O,MFQIRSFLVGISAFVMAVLGSAAYSAQPGGEYPTVDDIPVGEVRLYKIGDGVWSHIATQKLGDTVYSSNGLIVRDADELLLIDTAWGAKNTVALLAEIEKQIGLPVTRSISTHFHDDRVGGVDVLRAAGVATYTSPLTRQLAEAAGNEVPAHSLKALSSSGDVVRFGPVEVFYPGAAHSGDNLVVYVPAVRVLFGGCAVHEASRESAGNVADANLAEWPATIKRIQQRYPEAEVVIPGHGLPGGLELLQHTTNVVKTHKVRPVAE,1200.0,pseudomonas aeruginosa
167,O=C(Cc1cccs1)N[C@@H]1C(=O)N2C(C(=O)O)=C(/C=C/c3ccc([N+](=O)[O-])cc3[N+](=O)[O-])CS[C@H]12,MFQIRSFLVGISAFVMAVLGSAAYSAQPGGEYPTVDDIPVGEVRLYKIGDGVWSHIATQKLGDTVYSSNGLIVRDADELLLIDTAWGAKNTVALLAEIEKQIGLPVTRSISTHFHDDRVGGVDVLRAAGVATYTSPLTRQLAEAAGNEVPAHSLKALSSSGDVVRFGPVEVFYPGAAHSGDNLVVYVPAVRVLFGGCAVHEASRESAGNVADANLAEWPATIKRIQQRYPEAEVVIPGHGLPGGLELLQHTTNVVKTHKVRPVAE,1500.0,pseudomonas aeruginosa
168,Cc1onc(-c2ccccc2Cl)c1C(=O)N[C@@H]1C(=O)N2[C@@H]1SC(C)(C)[C@@H]2C(=O)O,MFQIRSFLVGISAFVMAVLGSAAYSAQPGGEYPTVDDIPVGEVRLYKIGDGVWSHIATQKLGDTVYSSNGLIVRDADELLLIDTAWGAKNTVALLAEIEKQIGLPVTRSISTHFHDDRVGGVDVLRAAGVATYTSPLTRQLAEAAGNEVPAHSLKALSSSGDVVRFGPVEVFYPGAAHSGDNLVVYVPAVRVLFGGCAVHEASRESAGNVADANLAEWPATIKRIQQRYPEAEVVIPGHGLPGGLELLQHTTNVVKTHKVRPVAE,2500.0,pseudomonas aeruginosa
169,N=C(NN)NCCC[C@H](N)C(=O)O,MFKHIIARTPARSLVDGLTSSHLGKPDYAKALEQHNAYIRALQTCDVDITLLPPDERFPDSVFVEDPVLCTSRCAIITRPGAESRRGETEIIEETVQRFYPGKVERIEAPGTVEAGDIMMVGDHFYIGESARTNAEGARQMIAILEKHGLSGSVVRLEKVLHLKTGLAYLEHNNLLAAGEFVSKPEFQDFNIIEIPEEESYAANCIWVNERVIMPAGYPRTREKIARLGYRVIEVDTSEYRKIDGGVSCMSLRF,0.12,pseudomonas aeruginosa
170,CNC(=N)NCCC[C@H](N)C(=O)O,MFKHIIARTPARSLVDGLTSSHLGKPDYAKALEQHNAYIRALQTCDVDITLLPPDERFPDSVFVEDPVLCTSRCAIITRPGAESRRGETEIIEETVQRFYPGKVERIEAPGTVEAGDIMMVGDHFYIGESARTNAEGARQMIAILEKHGLSGSVVRLEKVLHLKTGLAYLEHNNLLAAGEFVSKPEFQDFNIIEIPEEESYAANCIWVNERVIMPAGYPRTREKIARLGYRVIEVDTSEYRKIDGGVSCMSLRF,0.31,pseudomonas aeruginosa
171,N=C(NO)NCCC[C@H](N)C(=O)O,MFKHIIARTPARSLVDGLTSSHLGKPDYAKALEQHNAYIRALQTCDVDITLLPPDERFPDSVFVEDPVLCTSRCAIITRPGAESRRGETEIIEETVQRFYPGKVERIEAPGTVEAGDIMMVGDHFYIGESARTNAEGARQMIAILEKHGLSGSVVRLEKVLHLKTGLAYLEHNNLLAAGEFVSKPEFQDFNIIEIPEEESYAANCIWVNERVIMPAGYPRTREKIARLGYRVIEVDTSEYRKIDGGVSCMSLRF,0.33,pseudomonas aeruginosa
172,CN(C)C(=N)NCCC[C@H](N)C(=O)O,MFKHIIARTPARSLVDGLTSSHLGKPDYAKALEQHNAYIRALQTCDVDITLLPPDERFPDSVFVEDPVLCTSRCAIITRPGAESRRGETEIIEETVQRFYPGKVERIEAPGTVEAGDIMMVGDHFYIGESARTNAEGARQMIAILEKHGLSGSVVRLEKVLHLKTGLAYLEHNNLLAAGEFVSKPEFQDFNIIEIPEEESYAANCIWVNERVIMPAGYPRTREKIARLGYRVIEVDTSEYRKIDGGVSCMSLRF,0.56,pseudomonas aeruginosa
173,CS/C(N)=N/CCC[C@H](N)C(=O)O,MFKHIIARTPARSLVDGLTSSHLGKPDYAKALEQHNAYIRALQTCDVDITLLPPDERFPDSVFVEDPVLCTSRCAIITRPGAESRRGETEIIEETVQRFYPGKVERIEAPGTVEAGDIMMVGDHFYIGESARTNAEGARQMIAILEKHGLSGSVVRLEKVLHLKTGLAYLEHNNLLAAGEFVSKPEFQDFNIIEIPEEESYAANCIWVNERVIMPAGYPRTREKIARLGYRVIEVDTSEYRKIDGGVSCMSLRF,0.84,pseudomonas aeruginosa
174,CNC(=N)NCCC[C@H](N)C(=O)O,MSTEKTKLGVHSEAGKLRKVMVCSPGLAHQRLTPSNCDELLFDDVIWVNQAKRDHFDFVTKMRERGIDVLEMHNLLTETIQNPEALKWILDRKITADSVGLGLTSELRSWLESLEPRKLAEYLIGGVAADDLPASEGANILKMYREYLGHSSFLLPPLPNTQFTRDTTCWIYGGVTLNPMYWPARRQETLLTTAIYKFHPEFANAEFEIWYGDPDKDHGSSTLEGGDVMPIGNGVVLIGMGERSSRQAIGQVAQSLFAKGAAERVIVAGLPKSRAAMHLDTVFSFCDRDLVTVFPEVVKEIVPFSLRPDPSSPYGMNIRREEKTFLEVVAESLGLKKLRVVETGGNSFAAEREQWDDGNNVVCLEPGVVVGYDRNTYTNTLLRKAGVEVITISASELGRGRGGGHCMTCPIVRDPIDY,0.505,pseudomonas aeruginosa
175,NC(N)=NOCC[C@H](N)C(=O)O,MSTEKTKLGVHSEAGKLRKVMVCSPGLAHQRLTPSNCDELLFDDVIWVNQAKRDHFDFVTKMRERGIDVLEMHNLLTETIQNPEALKWILDRKITADSVGLGLTSELRSWLESLEPRKLAEYLIGGVAADDLPASEGANILKMYREYLGHSSFLLPPLPNTQFTRDTTCWIYGGVTLNPMYWPARRQETLLTTAIYKFHPEFANAEFEIWYGDPDKDHGSSTLEGGDVMPIGNGVVLIGMGERSSRQAIGQVAQSLFAKGAAERVIVAGLPKSRAAMHLDTVFSFCDRDLVTVFPEVVKEIVPFSLRPDPSSPYGMNIRREEKTFLEVVAESLGLKKLRVVETGGNSFAAEREQWDDGNNVVCLEPGVVVGYDRNTYTNTLLRKAGVEVITISASELGRGRGGGHCMTCPIVRDPIDY,0.62,pseudomonas aeruginosa
176,N=C(NN)NCCCC(N)C(=O)O,MSTEKTKLGVHSEAGKLRKVMVCSPGLAHQRLTPSNCDELLFDDVIWVNQAKRDHFDFVTKMRERGIDVLEMHNLLTETIQNPEALKWILDRKITADSVGLGLTSELRSWLESLEPRKLAEYLIGGVAADDLPASEGANILKMYREYLGHSSFLLPPLPNTQFTRDTTCWIYGGVTLNPMYWPARRQETLLTTAIYKFHPEFANAEFEIWYGDPDKDHGSSTLEGGDVMPIGNGVVLIGMGERSSRQAIGQVAQSLFAKGAAERVIVAGLPKSRAAMHLDTVFSFCDRDLVTVFPEVVKEIVPFSLRPDPSSPYGMNIRREEKTFLEVVAESLGLKKLRVVETGGNSFAAEREQWDDGNNVVCLEPGVVVGYDRNTYTNTLLRKAGVEVITISASELGRGRGGGHCMTCPIVRDPIDY,7.0,pseudomonas aeruginosa
177,N=C(NN)NCCC[C@H](N)C(=O)O,MSTEKTKLGVHSEAGKLRKVMVCSPGLAHQRLTPSNCDELLFDDVIWVNQAKRDHFDFVTKMRERGIDVLEMHNLLTETIQNPEALKWILDRKITADSVGLGLTSELRSWLESLEPRKLAEYLIGGVAADDLPASEGANILKMYREYLGHSSFLLPPLPNTQFTRDTTCWIYGGVTLNPMYWPARRQETLLTTAIYKFHPEFANAEFEIWYGDPDKDHGSSTLEGGDVMPIGNGVVLIGMGERSSRQAIGQVAQSLFAKGAAERVIVAGLPKSRAAMHLDTVFSFCDRDLVTVFPEVVKEIVPFSLRPDPSSPYGMNIRREEKTFLEVVAESLGLKKLRVVETGGNSFAAEREQWDDGNNVVCLEPGVVVGYDRNTYTNTLLRKAGVEVITISASELGRGRGGGHCMTCPIVRDPIDY,7.0,pseudomonas aeruginosa
178,Nc1ncnc2c1ncn2[C@@H]1O[C@H](CO)[C@@H](O)[C@H]1O,MPNVRNPFDLLLLPTWIVPVEPAGVVLRDHALGIRDGQIALVAPREQAMRHGATEIRELPGMLLAPGLVNAHGHSAMSLFRGLADDLPLMTWLQDHIWPAEGQWVSEDFIRDGTELAIAEQVKGGITCFSDMYFYPQAICGVVHDSGVRAQVAIPVLDFPIPGARDSAEAIRQGMALFDDLKHHPRIRIAFGPHAPYTVSDDKLEQILVLTEELDASIQMHVHETAFEVEQAMERNGERPLARLHRLGLLGPRFQAVHMTQVDNDDLAMLVETNSSVIHCPESNLKLASGFCPVEKLWQAGVNVAIGTDGAASNNDLDLLGETRTAALLAKAVYGQATALDAHRALRMATLNGARALGLERLIGSLEAGKAADLVAFDLSGLAQQPVYDPVSQLIYASGRDCVRHVWVGGRQLLDDGRLLRHDEQRLIARAREWGAKIAASDRS,17.1,pseudomonas aeruginosa
179,CSC[C@H]1O[C@@H](n2cnc3c(N)ncnc32)[C@H](O)[C@@H]1O,MPNVRNPFDLLLLPTWIVPVEPAGVVLRDHALGIRDGQIALVAPREQAMRHGATEIRELPGMLLAPGLVNAHGHSAMSLFRGLADDLPLMTWLQDHIWPAEGQWVSEDFIRDGTELAIAEQVKGGITCFSDMYFYPQAICGVVHDSGVRAQVAIPVLDFPIPGARDSAEAIRQGMALFDDLKHHPRIRIAFGPHAPYTVSDDKLEQILVLTEELDASIQMHVHETAFEVEQAMERNGERPLARLHRLGLLGPRFQAVHMTQVDNDDLAMLVETNSSVIHCPESNLKLASGFCPVEKLWQAGVNVAIGTDGAASNNDLDLLGETRTAALLAKAVYGQATALDAHRALRMATLNGARALGLERLIGSLEAGKAADLVAFDLSGLAQQPVYDPVSQLIYASGRDCVRHVWVGGRQLLDDGRLLRHDEQRLIARAREWGAKIAASDRS,24.6,pseudomonas aeruginosa
180,Nc1nc2[nH]cnc2c(=O)[nH]1,MSRTWIRNPLAIFTANGLDAAGGLVVEDGRIVELLGAGQQPAQPCASQFDASRHVVLPGLVNTHHHFYQTLTRAWAPVVNQPLFPWLKTLYPVWARLTPEKLELATKVALAELLLSGCTTAADHHYLFPGGLEQAIDVQAGVVEELGMRAMLTRGSMSLGEKDGGLPPQQTVQEAETILADSERLIARYHQRGDGARVQIALAPCSPFSVTPEIMRASAEVAARHDVRLHTHLAETLDEEDFCLQRFGLRTVDYLDSVGWLGPRTWLAHGIHFNAEEIRRLGEAGTGICHCPSSNMRLASGICPTVELEAAGAPIGLGVDGSASNDASNMILEARQALYLQRLRYGAERITPELALGWATRGSARLLGRSDIGELAPGKQADLALFKLDELRFSGSHDPLSALLLCAADRADRVMVGGAWRVVDGAVEGLDLAALIARHRAAASALIAG,3.3,pseudomonas aeruginosa
181,Nc1nccc(=O)[nH]1,MSRTWIRNPLAIFTANGLDAAGGLVVEDGRIVELLGAGQQPAQPCASQFDASRHVVLPGLVNTHHHFYQTLTRAWAPVVNQPLFPWLKTLYPVWARLTPEKLELATKVALAELLLSGCTTAADHHYLFPGGLEQAIDVQAGVVEELGMRAMLTRGSMSLGEKDGGLPPQQTVQEAETILADSERLIARYHQRGDGARVQIALAPCSPFSVTPEIMRASAEVAARHDVRLHTHLAETLDEEDFCLQRFGLRTVDYLDSVGWLGPRTWLAHGIHFNAEEIRRLGEAGTGICHCPSSNMRLASGICPTVELEAAGAPIGLGVDGSASNDASNMILEARQALYLQRLRYGAERITPELALGWATRGSARLLGRSDIGELAPGKQADLALFKLDELRFSGSHDPLSALLLCAADRADRVMVGGAWRVVDGAVEGLDLAALIARHRAAASALIAG,3.9,pseudomonas aeruginosa
182,C[C@H](C(=O)O)C(=O)C(=O)O,MHRASHHELRAMFRALLDSSRCYHTASVFDPMSARIAADLGFECGILGGSVASLQVLAAPDFALITLSEFVEQATRIGRVARLPVIADADHGYGNALNVMRTVVELERAGIAALTIEDTLLPAQFGRKSTDLICVEEGVGKIRAALEARVDPALTIIARTNAELIDVDAVIQRTLAYQEAGADGICLVGVRDFAHLEAIAEHLHIPLMLVTYGNPQLRDDARLARLGVRVVVNGHAAYFAAIKATYDCLREERGAVASDLTASELSKKYTFPEEYQAWARDYMEVKE,250.0,pseudomonas aeruginosa
183,O=C(O)CC(=O)C(=O)O,MHRASHHELRAMFRALLDSSRCYHTASVFDPMSARIAADLGFECGILGGSVASLQVLAAPDFALITLSEFVEQATRIGRVARLPVIADADHGYGNALNVMRTVVELERAGIAALTIEDTLLPAQFGRKSTDLICVEEGVGKIRAALEARVDPALTIIARTNAELIDVDAVIQRTLAYQEAGADGICLVGVRDFAHLEAIAEHLHIPLMLVTYGNPQLRDDARLARLGVRVVVNGHAAYFAAIKATYDCLREERGAVASDLTASELSKKYTFPEEYQAWARDYMEVKE,7500.0,pseudomonas aeruginosa
184,O=P(O)(O)OC[C@H]1OC(O)(CO)[C@@H](O)[C@@H]1O,MSQILPSQDELLAHAAAEPAFAAWLQGHGPLQHSAETRAAVFRTAHQLVQAGLQPDLASVYQLFRALDRLTASALRIVVHMTYARRIRLDGQPLQAEDFKTQPEGHTGGALNMVPAYAGYLALNVLTGKTRAWLMGQGHCVAAIDALNVLTGNLHPEQERAYADGEEGLNRLLQDFYGYAQAPNGAPAAPLGSHVNPHTAGGIAEGGYLGFAELQYAHMPLPGETLVAFLSDGAAEEQRGSDWIPRWWRAEDCGAALPVMIANGRRIEQRTELGTHEGLEGFKLHLRRCGFDPISFDGRDPAAFVCTLWEMEQRLERRVQEKNSGILRYPLPIPYGIAETVKGFGFYGAGSNAAHNLPLPGNPHNDEQARQLFNQHANELWVEPEALELARRLFAEQRGERPLERDNPLALRHPIEPIIPPLRYRDDACSPMAALDRFYTELVEANPDLRARVGNPDELASNRLGGVLKALKHRVSEPESELESVSGRVITALNEEAVVSACLANQGGLNLVASYEAFCVKMLGAVRQTLIFARQQKEVGRPAGWLGWPLVATSHTWENGKNQQSHQDTTFCEALLGEMSDMVRVLFPADHNSALALLPTIYRSRGQLACLVIPKRDRPMVFDAVQAERLARDGAILVEERCGSDPLLLIANGSYQLEQMRRAAQRLAEAGQAYRLVYLQEPGRFRAPRDRWEVEAVADEALVERLFPDSHERRVLLTHMRAEVARGHLWPILPDARRTSVLGYRNRGGTLDEAGMQFANRACWGNVLAACARLMEVPRTALLTPEEAAAVAGKGDPALLR,13.083333,pseudomonas aeruginosa
185,O=C(CO)[C@@H](O)[C@H](O)COP(=O)(O)O,MSQILPSQDELLAHAAAEPAFAAWLQGHGPLQHSAETRAAVFRTAHQLVQAGLQPDLASVYQLFRALDRLTASALRIVVHMTYARRIRLDGQPLQAEDFKTQPEGHTGGALNMVPAYAGYLALNVLTGKTRAWLMGQGHCVAAIDALNVLTGNLHPEQERAYADGEEGLNRLLQDFYGYAQAPNGAPAAPLGSHVNPHTAGGIAEGGYLGFAELQYAHMPLPGETLVAFLSDGAAEEQRGSDWIPRWWRAEDCGAALPVMIANGRRIEQRTELGTHEGLEGFKLHLRRCGFDPISFDGRDPAAFVCTLWEMEQRLERRVQEKNSGILRYPLPIPYGIAETVKGFGFYGAGSNAAHNLPLPGNPHNDEQARQLFNQHANELWVEPEALELARRLFAEQRGERPLERDNPLALRHPIEPIIPPLRYRDDACSPMAALDRFYTELVEANPDLRARVGNPDELASNRLGGVLKALKHRVSEPESELESVSGRVITALNEEAVVSACLANQGGLNLVASYEAFCVKMLGAVRQTLIFARQQKEVGRPAGWLGWPLVATSHTWENGKNQQSHQDTTFCEALLGEMSDMVRVLFPADHNSALALLPTIYRSRGQLACLVIPKRDRPMVFDAVQAERLARDGAILVEERCGSDPLLLIANGSYQLEQMRRAAQRLAEAGQAYRLVYLQEPGRFRAPRDRWEVEAVADEALVERLFPDSHERRVLLTHMRAEVARGHLWPILPDARRTSVLGYRNRGGTLDEAGMQFANRACWGNVLAACARLMEVPRTALLTPEEAAAVAGKGDPALLR,13.193334,pseudomonas aeruginosa
186,O=C1C[C@@](O)(C(=O)O)C[C@@H](O)[C@@H]1O,MATLLVLHGPNLNLLGTREPGTYGSTTLGQINQDLERRAREAGHHLLHLQSNAEYELIDRIHAARDEGVDFIIINPAAFTHTSVALRDALLAVSIPFIEVHLSNVHKREPFRHHSYFSDVAVGVICGLGATGYRLALESALEQLQRP,18.72,pseudomonas aeruginosa
187,CC(=O)N[C@H]1[C@@H](OP(=O)(O)OP(=O)(O)OC[C@H]2O[C@@H](n3ccc(=O)[nH]c3=O)[C@H](O)[C@@H]2O)O[C@H](CO)[C@@H](O)[C@@H]1O,MLDNLRIKLLGLPRRYKRMLQVAADVTLVWLSLWLAFLVRLGTEDMISPFSGHAWLFIAAPLVAIPLFIRFGMYRAVMRYLGNDALIAIAKAVTISALVLSLLVYWYRSPPAVVPRSLVFNYWWLSMLLIGGLRLAMRQYFMGDWYSAVQSVPFLNRQDGLPRVAIYGAGAAANQLVAALRLGRAMRPVAFIDDDKQIANRVIAGLRVYTAKHIRQMIDETGAQEVLLAIPSATRARRREILESLEPFPLHVRSMPGFMDLTSGRVKVDDLQEVDIADLLGRDSVAPRKELLERCIRGQVVMVTGAGGSIGSELCRQIMSCSPSVLILFEHSEYNLYSIHQELERRIKRESLSVNLLPILGSVRNPERLVDVMRTWKVNTVYHAAAYKHVPIVEHNIAEGVLNNVIGTLHAVQAAVQVGVQNFVLISTDKAVRPTNVMGSTKRLAEMVLQALSNESAPLLFGDRKDVHHVNKTRFTMVRFGNVLGSSGSVIPLFREQIKRGGPVTVTHPSITRYFMTIPEAAQLVIQAGSMGQGGDVFVLDMGPPVKILELAEKMIHLSGLSVRSERSPHGDIAIEFSGLRPGEKLYEELLIGDNVNPTDHPMIMRANEEHLSWEAFKVVLEQLLAAVEKDDYSRVRQLLRETVSGYAPDGEIVDWIYRQRRREP,2.8,pseudomonas aeruginosa
188,O=C(O)[C@H]1NCC[C@H]1O,MKHAHLIVPRTLVAGSASGELLYAPTGLSFWGGVDPRSAEVIDRHHPLSGRHLHGRLLAIPGGRGSCTGSSVLLELILGGRAPAAILLREPDEILALGAIVAEELFGRSLPIACLGERFDELAAYPWARLADGRLELHRDAPPPLEARPAEALATDAGPRLDAFDQALLAGEHGEAARLAMRIVLRMAALQGAQRLIDIQRAHIDACIYTGPAGLRFAETLRDLGARVRVPTTLNAISVDQRRWREQGVPAALGEPAAALARAYLDMGAQPSFTCAPYLLDDSARAGEQIVWAESNAVLFANSVLGARTNKYADFMDICCALTGRAPLAGCHLDEQRQARVLIEVEDLGSVDDAFYPTLGYLCGLLCDGQIPAIDGLRQRQPDHDALKAFGAALGTSSSVPMFHVIGVTPEAPDLASAFGGRAPRRTLRVGRERLRDAWRELDSAGETRIDLVALGNPHFSASEFAQLAALCHGRRRHPEVALVITSSRQVVAQAEAAGHLATLQAFGARLVTDTCWCMLDEPLVPPGARTLMTNSAKYAHYAPGLVGRQVRFAGLAGCVEAAVGGRSPAGLPAWLSEDC,47.0,pseudomonas aeruginosa
189,NCC(=O)CCC(=O)O,MSFTPANRAYPYTRLRRNRRDDFSRRLVRENVLTVDDLILPVFVLDGVNQRESIPSMPGVERLSIDQLLIEAEEWVALGIPALALFPVTPVEKKSLDAAEAYNPEGIAQRATRALRERFPELGIITDVALDPFTTHGQDGILDDDGYVLNDVSIDVLVRQALSHAEAGAQVVAPSDMMDGRIGAIREALESAGHTNVRIMAYSAKYASAYYGPFRDAVGSASNLGKGNKATYQMDPANSDEALHEVAADLAEGADMVMVKPGMPYLDIVRRVKDEFRAPTFVYQVSGEYAMHMGAIQNGWLAESVILESLTAFKRAGADGILTYFAKQAAEQLRRGR,16.1,pseudomonas aeruginosa
190,Nc1nc2c(ncn2[C@@H]2O[C@H](COP(=O)(O)OP(=O)(O)O[C@H]3O[C@H](CO)[C@@H](O)[C@H](O)[C@@H]3O)[C@@H](O)[C@H]2O)c(=O)[nH]1,MTRSALVTGITGQDGAYLAKLLLEKGYRVHGLVARRSSDTRWRLRELGIEGDIQYEDGDMADACSVQRAVIKAQPQEVYNLAAQSFVGASWNQPVTTGVVDGLGVTHLLEAIRQFSPETRFYQASTSEMFGLIQAERQDENTPFYPRSPYGVAKLYGHWITVNYRESFGLHASSGILFNHESPLRGIEFVTRKVTDAVARIKLGKQQELRLGNVDAKRDWGFAGDYVEAMWLMLQQDKADDYVVATGVTTTVRDMCQIAFEHVGLDYRDFLKIDPAFFRPAEVDVLLGNPAKAQRVLGWKPRTSLDELIRMMVEADLRRVSRE,8.82,pseudomonas aeruginosa
191,N[C@@H](CC(=O)O)C(=O)O,MSPVASSRIEKDLLGTLEVPADAYYGIQTLRAVNNFRLSGVPLSHYPKLVVALAMVKQAAADANRQLGHLPEDKHAAISEACARLIRGDFHEQFVVDMIQGGAGTSTNMNANEVIANIALEAMGHTKGEYKYLHPNNDVNMAQSTNDAYPTAIRLGLLLGHDTLLASLDSLIQAFAAKGVEFAGVLKMGRTQLQDAVPMTLGQEFHAFATTLGEDLDRLRRLAPELLTEVNLGGTAIGTGINADPGYQKLAVERLAAISGQPLKPAADLIEATSDMGAFVLFSGMLKRTAVKLSKICNDLRLLSSGPRTGINEINLPPRQPGSSIMPGKVNPVIPEAVNQVAFEVIGNDLALTLAAEGGQLQLNVMEPLIAYKIFDSIRLLQRAMDMLREHCITGITANVERCHELVEHSIGLVTALNPYIGYENSTRIAKTALESGRGVLELVREEKLLDEATLADILLPENMIAPRLIPLRA,4.908,pseudomonas aeruginosa
192,N[C@@H](Cc1ccccc1)C(=O)O,MSPVASSRIEKDLLGTLEVPADAYYGIQTLRAVNNFRLSGVPLSHYPKLVVALAMVKQAAADANRQLGHLPEDKHAAISEACARLIRGDFHEQFVVDMIQGGAGTSTNMNANEVIANIALEAMGHTKGEYKYLHPNNDVNMAQSTNDAYPTAIRLGLLLGHDTLLASLDSLIQAFAAKGVEFAGVLKMGRTQLQDAVPMTLGQEFHAFATTLGEDLDRLRRLAPELLTEVNLGGTAIGTGINADPGYQKLAVERLAAISGQPLKPAADLIEATSDMGAFVLFSGMLKRTAVKLSKICNDLRLLSSGPRTGINEINLPPRQPGSSIMPGKVNPVIPEAVNQVAFEVIGNDLALTLAAEGGQLQLNVMEPLIAYKIFDSIRLLQRAMDMLREHCITGITANVERCHELVEHSIGLVTALNPYIGYENSTRIAKTALESGRGVLELVREEKLLDEATLADILLPENMIAPRLIPLRA,8.002,pseudomonas aeruginosa
193,O=C(O)/C=C/C(=O)O,MSPVASSRIEKDLLGTLEVPADAYYGIQTLRAVNNFRLSGVPLSHYPKLVVALAMVKQAAADANRQLGHLPEDKHAAISEACARLIRGDFHEQFVVDMIQGGAGTSTNMNANEVIANIALEAMGHTKGEYKYLHPNNDVNMAQSTNDAYPTAIRLGLLLGHDTLLASLDSLIQAFAAKGVEFAGVLKMGRTQLQDAVPMTLGQEFHAFATTLGEDLDRLRRLAPELLTEVNLGGTAIGTGINADPGYQKLAVERLAAISGQPLKPAADLIEATSDMGAFVLFSGMLKRTAVKLSKICNDLRLLSSGPRTGINEINLPPRQPGSSIMPGKVNPVIPEAVNQVAFEVIGNDLALTLAAEGGQLQLNVMEPLIAYKIFDSIRLLQRAMDMLREHCITGITANVERCHELVEHSIGLVTALNPYIGYENSTRIAKTALESGRGVLELVREEKLLDEATLADILLPENMIAPRLIPLRA,13.64,pseudomonas aeruginosa
194,COP(=O)(O)OC[C@H]1O[C@@H](n2ccc(N)nc2=O)[C@H](O)[C@@H]1OP(=O)(O)OC[C@H]1O[C@@H](n2ccc(N)nc2=O)[C@H](O)[C@@H]1OP(=O)(O)OC[C@H]1O[C@@H](n2cnc3c(N)ncnc32)[C@H](O)[C@@H]1O,MTTVRTRIAPSPTGDPHVGTAYIALFNLCFARQHGGQFILRIEDTDQLRSTRESEQQIYDALRWLGIEWDEGPDVGGPHGPYRQSERGHIYKKYSDELVEKGHAFTCFCTPERLDAVRAEQMARKETPRYDGHCMHLPKDEVQRRLAAGESHVTRMKVPTEGVCVVPDMLRGDVEIPWDRMDMQVLMKADGLPTYFLANVVDDHLMGITHVLRGEEWLPSAPKLIKLYEYFGWEQPQLCYMPLLRNPDKSKLSKRKNPTSITFYERMGYLPQALLNYLGRMGWSMPDEREKFTLAEMIEHFDLSRVSLGGPIFDLEKLSWLNGQWIREQSVEEFAREVQKWALNPEYLMKIAPHVQGRVENFSQIAPLAGFFFSGGVPLDASLFEHKKLDPTQVRQVLQLVLWKLESLRQWEKERITGCIQAVAEHLQLKLRDVMPLMFPAITGHASSVSVLDAMEILGADLSRYRLRQALELLGGASKKETKEWEKIRDAIPG,0.8,pseudomonas aeruginosa
195,CC(C)=CC(=O)SCCNC(=O)CCNC(=O)[C@H](O)C(C)(C)COP(=O)(O)OP(=O)(O)OC[C@H]1O[C@@H](n2cnc3c(N)ncnc32)[C@H](O)[C@@H]1OP(=O)(O)O,MNPDYRSIQRLLVANRGEIACRVMRSARALGIGSVAVHSDIDRHARHVAEADIAVDLGGAKPADSYLRGDRIIAAALASGAQAIHPGYGFLSENADFARACEEAGLLFLGPPAAAIDAMGSKSAAKALMEEAGVPLVPGYHGEAQDLETFRREAGRIGYPVLLKAAAGGGGKGMKVVEREAELAEALSSAQREAKAAFGDARMLVEKYLLKPRHVEIQVFADRHGHCLYLNERDCSIQRRHQKVVEEAPAPGLGAELRRAMGEAAVRAAQAIGYVGAGTVEFLLDERGQFFFMEMNTRLQVEHPVTEAITGLDLVAWQIRVARGEALPLTQEQVPLNGHAIEVRLYAEDPEGDFLPASGRLMLYREAAAGPGRRVDSGVREGDEVSPFYDPMLAKLIAWGETREEARQRLLAMLAETSVGGLRTNLAFLRRILGHPAFAAAELDTGFIARHQDDLLPAPQALPEHFWQAAAEAWLQSEPGHRRDDDPHSPWSRNDGWRSALARESDLMLRCRDERRCVRLRHASPSQYRLDGDDLVSRVDGVTRRSAALRRGRQLFLEWEGELLAIEAVDPIAEAEAAHAHQGGLSAPMNGSIVRVLVEPGQTVEAGATLVVLEAMKMEHSIRAPHAGVVKALYCSEGELVEEGTPLVELDENQA,1.2520001,pseudomonas aeruginosa
196,CC(C)=CC(=O)SCCNC(=O)CCNC(=O)[C@H](O)C(C)(C)COP(=O)(O)OP(=O)(O)OC[C@H]1O[C@@H](n2cnc3c(N)ncnc32)[C@H](O)[C@@H]1OP(=O)(O)O,MAILHTQINPRSAEFAANAATMLEQVNALRTLLGRIHEGGGSAAQARHSARGKLLVRERINRLLDPGSPFLELSALAAHEVYGEEVAAAGIVAGIGRVEGVECMIVGNDATVKGGTYYPLTVKKHLRAQAIALENRLPCIYLVDSGGANLPRQDEVFPDREHFGRIFFNQANMSARGIPQIAVVMGSCTAGGAYVPAMSDETVMVREQATIFLAGPPLVKAATGEVVSAEELGGADVHCKVSGVADHYAEDDDHALAIARRCVANLNWRKQGQLQCRAPRAPLYPAEELYGVIPADSKQPYDVREVIARLVDGSEFDEFKALFGTTLVCGFAHLHGYPIAILANNGILFAEAAQKGAHFIELACQRGIPLLFLQNITGFMVGQKYEAGGIAKHGAKLVTAVACARVPKFTVLIGGSFGAGNYGMCGRAYDPRFLWMWPNARIGVMGGEQAAGVLAQVKREQAERAGQQLGVEEEAKIKAPILEQYEHQGHPYYSSARLWDDGVIDPAQTREVLALALSAALNAPIEPTAFGVFRM,1.2520001,pseudomonas aeruginosa
