,CMPD_SMILES,SEQ,Ki,organism
0,C[C@@H]1[C@H]([C@@H](C[C@@H](O1)O[C@@H]2C[C@@H](O[C@@H]([C@H]2O)C)OC3=CC4=CC5=C(C(=O)[C@H]([C@@H](C5)[C@@H](C(=O)[C@H]([C@@H](C)O)O)OC)O[C@H]6C[C@H]([C@@H]([C@H](O6)C)O)O[C@H]7C[C@H]([C@H]([C@H](O7)C)O)O[C@H]8C[C@]([C@@H]([C@H](O8)C)O)(C)O)C(=C4C(=C3C)O)O)O)O,MSIPETQKGVIFYESHGKLEYKDIPVPKPKANELLINVKYSGVCHTDLHAWHGDWPLPVKLPLVGGHEGAGVVVGMGENVKGWKIGDYAGIKWLNGSCMACEYCELGNESNCPHADLSGYTHDGSFQQYATADAVQAAHIPQGTDLAQVAPILCAGITVYKALKSANLMAGHWVAISGAAGGLGSLAVQYAKAMGYRVLGIDGGEGKEELFRSIGGEVFIDFTKEKDIVGAVLKATDGGAHGVINVSVSEAAIEASTRYVRANGTTVLVGMPAGAKCCSDVFNQVVKSISIVGSYVGNRADTREALDFFARGLVKSPIKVVGLSTLPEIYEKMEKGQIVGRYVVDTSK,0.0315,saccharomyces cerevisiae
1,C[C@H](CCC(=C)C(C)C)[C@H]1CC[C@@H]2[C@@]1(C[C@H]([C@]34[C@@]2(CC(=O)[C@@H]5[C@]3(C4)C(=O)C[C@@H]([C@@]5(C)C(=O)O)O)O)O)C,MSKIDSVLIIGGSGFLGLHLIQQFFDINPKPDIHIFDVRDLPEKLSKQFTFNVDDIKFHKGDLTSPDDMENAINESKANVVVHCASPMHGQNPDIYDIVNVKGTRNVIDMCKKCGVNILVYTSSAGVIFNGQDVHNADETWPIPEVPMDAYNETKAIAEDMVLKANDPSSDFYTVALRPAGIFGPGDRQLVPGLRQVAKLGQSKFQIGDNNNLFDWTYAGNVADAHVLAAQKLLDPKTRTAVSGETFFITNDTPTYFWALARTVWKADGHIDKHVIVLKRPVAICAGYLSEWVSKMLGKEPGLTPFRVKIVCAYRYHNIAKAKKLLGYTPRVGIEEGINKTLAWMDEGL,0.00135,saccharomyces cerevisiae
2,Nc1nc2c(c(=O)[nH]1)N1CN(c3ccc(C(=O)N[C@@H](CCC(=O)O)C(=O)O)cc3)C[C@H]1CN2,MKITEKLEQHRQTSGKPTYSFEYFVPKTTQGVQNLYDRMDRMYEASLPQFIDITWNAGGGRLSHLSTDLVATAQSVLGLETCMHLTCTNMPISMIDDALENAYHSGCQNILALRGDPPRDAENWTPVEGGFQYAKDLIKYIKSKYGDHFAIGVAGYPECHPELPNKDVKLDLEYLKQKIDAGGDFIITQMFYDVDNFINWCSQVRAAGMDVPIIPGIMPITTYAAFLRRAQWGQISIPQHFSSRLDPIKDDDELVRDIGTNLIVEMCQKLLDSGYVSHLHIYTMNLEKAPLMILERLNILPTESEFNAHPLAVLPWRKSLNPKRKNEEVRPIFWKRRPYSYVARTSQWAVDEFPNGRFGDSSSPAFGDLDLCGSDLIRQSANKCLELWSTPTSINDVAFLVINYLNGNLKCLPWSDIPINDEINPIKAHLIELNQHSIITINSQPQVNGIRSNDKIHGWGPKDGYVYQKQYLEFMLPKTKLPKLIDTLKNNEFLTYFAIDSQGDLLSNHPDNSKSNAVTWGIFPGREILQPTIVEKISFLAWKEEFYHILNEWKLNMNKYDKPHSAQFIQSLIDDYCLVNIVDNDYISPDDQIHSILLSL,0.455,saccharomyces cerevisiae
3,Nc1ncnc2c1ncn2[C@@H]1O[C@H](CSCC[C@H](N)C(=O)O)[C@@H](O)[C@H]1O,MIHCKVQQWSPQYLRLPATGYEELTLTLNTSMLARMPEEEDQLFLVVGDSPSSTYVDWGEDCNSTRYPSYDHCTHKILYLGASAGTTRSKRLSATIGIRLSKGTGSNNVLGTPMYLLYNEMKTRIIESSK,0.0109,saccharomyces cerevisiae
4,NCCCC[C@H](N)C(=O)O,MTAAKPNPYAAKPGDYLSNVNNFQLIDSTLREGEQFANAFFDTEKKIEIARALDDFGVDYIELTSPVASEQSRKDCEAICKLGLKAKILTHIRCHMDDAKVAVETGVDGVDVVIGTSKFLRQYSHGKDMNYIAKSAVEVIEFVKSKGIEIRFSSEDSFRSDLVDLLNIYKTVDKIGVNRVGIADTVGCANPRQVYELIRTLKSVVSCDIECHFHNDTGCAIANAYTALEGGARLIDVSVLGIGERNGITPLGGLMARMIVAAPDYVKSKYKLHKIRDIENLVADAVEVNIPFNNPITGFCAFTHKAGIHAKAILANPSTYEILDPHDFGMKRYIHFANRLTGWNAIKARVDQLNLNLTDDQIKEVTAKIKKLGDVRSLNIDDVDSIIKNFHAEVSTPQVLSAKKNKKNDSDVPELATIPAAKRTKPSA,0.053,saccharomyces cerevisiae
5,NCCCC[C@H](N)C(=O)O,MSENNEFQSVTESTTAPTTSNPYGPNPADYLSNVKNFQLIDSTLREGEQFANAFFDTEKKIEIARALDDFGVDYIELTSPVASEQSRKDCEAICKLGLKAKILTHIRCHMDDARVAVETGVDGVDVVIGTSKFLRQYSHGKDMNYIAKSAVEVIEFVKSKGIEIRFSSEDSFRSDLVDLLNIYKTVDKIGVNRVGIADTVGCANPRQVYELIRTLKSVVSCDIECHFHNDTGCAIANAYTALEGGARLIDVSVLGIGERNGITPLGGLMARMIVAAPDYVRSKYKLHKIRDIENLVADAVEVNIPFNNPITGFCAFTHKAGIHAKAILANPSTYEILDPHDFGMKRYIHFANRLTGWNAIKSRVDQLNLNLTDDQIKEVTAKIKKLGDVRPLNIDDVDSIIKDFHAELSTPLLKPVNKGTDDDNIDISNGHVSKKAKVTK,0.053,saccharomyces cerevisiae
6,CC(C)C1=C(C=C2C(=C1)CC[C@@H]3[C@@]2(CCCC3(C)C)C(=O)O)OC,MTRNPFMVEPSNGSPNRRGASNLSKFYANANSNSRWANPSEESLEDSYDQSNVFQGLPASPSRAALRYSPDRRHRTQFYRDSAHNSPVAPNRYAANLQESPKRAGEAVIHLSEGSNLYPRDNADLPVDPYHLSPQQQPSNNLFGSGRLYSQSSKYTMSTTSTTAPSLAEADDEKEKYLTSTTSYDDQSTIFSADTFNETKFELNHPTRQQYVRRANSESKRRMVSDLPPPSKKKALLKLDNPIPKGLLDTLPRRNSPEFTEMRYTACTVEPDDFLREGYTLRFAEMNRECQIAICITMYNEDKYSLARTIHSIMKNVAHLCKREKSHVWGPNGWKKVSVILISDGRAKVNQGSLDYLAALGVYQEDMAKASVNGDPVKAHIFELTTQVSINADLDYVSKDIVPVQLVFCLKEENKKKINSHRWLFNAFCPVLQPTVVTLVDVGTRLNNTAIYRLWKVFDMDSNVAGAAGQIKTMKGKWGLKLFNPLVASQNFEYKISNILDKPLESVFGYISVLPGALSAYRYRALKNHEDGTGPLRSYFLGETQEGRDHDVFTANMYLAEDRILCWELVAKRDAKWVLKYVKEATGETDVPEDVSEFISQRRRWLNGAMFAAIYAQLHFYQIWKTKHSVVRKFFLHVEFLYQFIQMLFSWFSIANFVLTFYYLAGSMNLVIKHGEALFIFFKYLIFCDLASLFIISMGNRPQGAKHLFITSMVILSICATYSLICGFVFAFKSLASGTESHKIFVDIVISLLSTYGLYFFSSLMYLDPWHMFTSSIQYFLTLPAFTCTLQIFAFCNTHDVSWGTKGSTQESKQLSKAIVVQGPDGKQIVETDWPQEVDKKFLEIKSRLKEPEFEESSGNEKQSKNDYYRDIRTRIVMIWMLSNLILIMSIIQVFTPQDTDNGYLIFILWSVAALAAFRVVGSMAFLFMKYLRIIVSYRNKVEGSGSWEVSKLDLPNVFHKKG,0.005,saccharomyces cerevisiae
7,COc1cc(CO)ccc1O,MTISDHPETEPKWWKEATIYQIYPASFKDSNNDGWGDLKGITSKLQYIKDLGVDAIWVCPFYDSPQQDMGYDISNYEKVWPTYGTNEDCFELIDKTHKLGMKFITDLVINHCSTEHEWFKESRSSKTNPKRDWFFWRPPKGYDAEGKPIPPNNWKSFFGGSAWTFDETTNEFYLRLFASRQVDLNWENEDCRRAIFESAVGFWLDHGVDGFRIDTAGLYSKRPGLPDSPIFDKTSKLQHPNWGSHNGPRIHEYHQELHRFMKNRVKDGREIMTVGEVAHGSDNALYTSAARYEVSEVFSFTHVEVGTSPFFRYNIVPFTLKQWKEAIASNFLFINGTDSWATTYIENHDQARSITRFADDSPKYRKISGKLLTLLECSLTGTLYVYQGQEIGQINFKEWPIEKYEDVDVKNNYEIIKKSFGKNSKEMKDFFKGIALLSRDHSRTPMPWTKDKPNAGFTGPDVKPWFLLNESFEQGINVEQESRDDDSVLNFWKRALQARKKYKELMIYGYDFQFIDLDSDQIFSFTKEYEDKTLFAALNFSGEEIEFSLPREGASLSFILGNYDDTDVSSRVLKPWEGRIYLVK,8.94,saccharomyces cerevisiae
8,Nc1ccc(S(=O)(=O)c2ccc(N)cc2)cc1,MSKLFSTVNSARHSVPLGGMRDYVHIKKLEMNTVLGPDSWNQLMPQKCLLSLDMGTDFSKSAATDDLKYSLNYAVISRDLTNFVSKKKNWGSVSNLAKSVSQFVMDKYSGVECLNLEVQADTTHIRSDHISCIIQQERGNPESQEFDVVRISELKMLTLIGVFTFERLKKQYVTLDIKLPWPKKAELPPPVQSIIDNVVKFVEESNFKTVEALVESVSAVIAHNEYFQKFPDSPLVVKVLKLNAITATEGVGVSCIREPREIAMVNIPYLSSIHESSDIKFQLSSSQNTPIEGKNTWKRAFLAFGSNIGDRFKHIQMALQLLSREKTVKLRNISSIFESEPMYFKDQTPFMNGCVEVETLLTPSELLKLCKKIEYEELQRVKHFDNGPRTIDLDIVMFLNSAGEDIIVNEPDLNIPHPRMLERTFVLEPLCELISPVHLHPVTAEPIVDHLKQLYDKQHDEDTLWKLVPLPYRSGVEPRFLKFKTATKLDEFTGETNRITVSPTYIMAIFNATPDSFSDGGEHFADIESQLNDIIKLCKDALYLHESVIIDVGGCSTRPNSIQASEEEEIRRSIPLIKAIRESTELPQDKVILSIDTYRSNVAKEAIKVGVDIINDISGGLFDSNMFAVIAENPEICYILSHTRGDISTMNRLAHYENFALGDSIQQEFVHNTDIQQLDDLKDKTVLIRNVGQEIGERYIKAIDNGVKRWQILIDPGLGFAKTWKQNLQIIRHIPILKNYSFTMNSNNSQVYVNLRNMPVLLGPSRKKFIGHITKDVDAKQRDFATGAVVASCIGFGSDMVRVHDVKNCSKSIKLADAIYKGLE,0.49350595,saccharomyces cerevisiae
9,C1=CC(=CC=C1N)S(=O)(=O)NC2=NN=C(C=C2)Cl,MSKLFSTVNSARHSVPLGGMRDYVHIKKLEMNTVLGPDSWNQLMPQKCLLSLDMGTDFSKSAATDDLKYSLNYAVISRDLTNFVSKKKNWGSVSNLAKSVSQFVMDKYSGVECLNLEVQADTTHIRSDHISCIIQQERGNPESQEFDVVRISELKMLTLIGVFTFERLKKQYVTLDIKLPWPKKAELPPPVQSIIDNVVKFVEESNFKTVEALVESVSAVIAHNEYFQKFPDSPLVVKVLKLNAITATEGVGVSCIREPREIAMVNIPYLSSIHESSDIKFQLSSSQNTPIEGKNTWKRAFLAFGSNIGDRFKHIQMALQLLSREKTVKLRNISSIFESEPMYFKDQTPFMNGCVEVETLLTPSELLKLCKKIEYEELQRVKHFDNGPRTIDLDIVMFLNSAGEDIIVNEPDLNIPHPRMLERTFVLEPLCELISPVHLHPVTAEPIVDHLKQLYDKQHDEDTLWKLVPLPYRSGVEPRFLKFKTATKLDEFTGETNRITVSPTYIMAIFNATPDSFSDGGEHFADIESQLNDIIKLCKDALYLHESVIIDVGGCSTRPNSIQASEEEEIRRSIPLIKAIRESTELPQDKVILSIDTYRSNVAKEAIKVGVDIINDISGGLFDSNMFAVIAENPEICYILSHTRGDISTMNRLAHYENFALGDSIQQEFVHNTDIQQLDDLKDKTVLIRNVGQEIGERYIKAIDNGVKRWQILIDPGLGFAKTWKQNLQIIRHIPILKNYSFTMNSNNSQVYVNLRNMPVLLGPSRKKFIGHITKDVDAKQRDFATGAVVASCIGFGSDMVRVHDVKNCSKSIKLADAIYKGLE,0.21931,saccharomyces cerevisiae
10,Cc1cc(NS(=O)(=O)c2ccc(N)cc2)no1,MSKLFSTVNSARHSVPLGGMRDYVHIKKLEMNTVLGPDSWNQLMPQKCLLSLDMGTDFSKSAATDDLKYSLNYAVISRDLTNFVSKKKNWGSVSNLAKSVSQFVMDKYSGVECLNLEVQADTTHIRSDHISCIIQQERGNPESQEFDVVRISELKMLTLIGVFTFERLKKQYVTLDIKLPWPKKAELPPPVQSIIDNVVKFVEESNFKTVEALVESVSAVIAHNEYFQKFPDSPLVVKVLKLNAITATEGVGVSCIREPREIAMVNIPYLSSIHESSDIKFQLSSSQNTPIEGKNTWKRAFLAFGSNIGDRFKHIQMALQLLSREKTVKLRNISSIFESEPMYFKDQTPFMNGCVEVETLLTPSELLKLCKKIEYEELQRVKHFDNGPRTIDLDIVMFLNSAGEDIIVNEPDLNIPHPRMLERTFVLEPLCELISPVHLHPVTAEPIVDHLKQLYDKQHDEDTLWKLVPLPYRSGVEPRFLKFKTATKLDEFTGETNRITVSPTYIMAIFNATPDSFSDGGEHFADIESQLNDIIKLCKDALYLHESVIIDVGGCSTRPNSIQASEEEEIRRSIPLIKAIRESTELPQDKVILSIDTYRSNVAKEAIKVGVDIINDISGGLFDSNMFAVIAENPEICYILSHTRGDISTMNRLAHYENFALGDSIQQEFVHNTDIQQLDDLKDKTVLIRNVGQEIGERYIKAIDNGVKRWQILIDPGLGFAKTWKQNLQIIRHIPILKNYSFTMNSNNSQVYVNLRNMPVLLGPSRKKFIGHITKDVDAKQRDFATGAVVASCIGFGSDMVRVHDVKNCSKSIKLADAIYKGLE,0.399302,saccharomyces cerevisiae
11,CC[C@@H](C)[C@H]1C(=O)N([C@H](C(=O)N[C@H](C(=O)N([C@H](C(=O)O[C@@H](C(=O)N([C@H](C(=O)N[C@H](C(=O)N([C@H](C(=O)N2CCC[C@H]2C(=O)N1)CC3=CC=CC=C3)C)CC4=CC=CC=C4)C(C)C)C)[C@H](C)CC)C(C)(C)O)C)CC(C)C)C(C)C)C,MANPFSRWFLSERPPNCHVADLETSLDPHQTLLKVQKYKPALSDWVHYIFLGSIMLFVFITNPAPWIFKILFYCFLGTLFIIPATSQFFFNALPILTWVALYFTSSYFPDDRRPPITVKVLPAVETILYGDNLSDILATSTNSFLDILAWLPYGLFHFGAPFVVAAILFVFGPPTVLQGYAFAFGYMNLFGVIMQNVFPAAPPWYKILYGLQSANYDMHGSPGGLARIDKLLGINMYTTAFSNSSVIFGAFPSLHSGCATMEALFFCYCFPKLKPLFIAYVCWLWWSTMYLTHHYFVDLMAGSVLSYVIFQYTKYTHLPIVDTSLFCRWSYTSIEKYDISKSDPLAADSNDIESVPLSNLELDFDLNMTDEPSVSPSLFDGSTSVSRSSATSITSLGVKRA,2.3e-07,saccharomyces cerevisiae
12,N=C(N)NCCC[C@H](N)C(=O)O,MPSASLLVSTKRLNASKFQKFVSSLNKSTIAGFASVPLRAPPSVAFTRKKVGYSKRYVSSTNGFSATRSTVIQLLNNISTKREVEQYLKYFTSVSQQQFAVIKVGGAIISDNLHELASCLAFLYHVGLYPIVLHGTGPQVNGRLEAQGIEPDYIDGIRITDEHTMAVVRKCFLEQNLKLVTALEQLGVRARPITSGVFTADYLDKDKYKLVGNIKSVTKEPIEASIKAGALPILTSLAETASGQMLNVNADVAAGELARVFEPLKIVYLNEKGGIINGSTGEKISMINLDEEYDDLMKQSWVKYGTKLKIREIKELLDYLPRSSSVAIINVQDLQKELFTDSGAGTMIRRGYKLVKRSSIGEFPSADALRKALQRDAGISSGKESVASYLRYLENSDFVSYADEPLEAVAIVKKDTNVPTLDKFVCSDAAWLNNVTDNVFNVLRRDFPALQWVVSENDANIAWHFDKSQGSYLKGGKVLFWYGIDDINTISELVENFVKSCDTASTLNSSASSGVFANKKSARSYSTRSTPRPEGVNTNPGRVALIGARGYTGKNLVSLINGHPYLEVAHVSSRELKGQKLQDYTKSEIIYESLQIQDIRKLEEQNAVDFWVMALPNKVCEPFVETIQSVHGKSKIIDLSADHRFVSESDWAYGLPELNDRAKIANAAKIANPGCYATGSQLTISPLTKYINGLPTVFGVSGYSGAGTKPSPKNDPKFLNNNLIPYALSDHIHEREISARIGHNVAFMPHVGQWFQGISLTVSIPIKKGSLSIDEIRKLYRNFYEDEKLVHVIDDIPLVKDIEGTHGVVIGGFKLNDAEDRVVVCATIDNLLKGAATQCLQNINLAMGYGEYAGIPENKIIGV,400.0,saccharomyces cerevisiae
13,Nc1ncnc2c1ncn2[C@@H]1O[C@H](COP(=O)(O)OP(=O)(O)OC[C@H]2O[C@@H](O)[C@H](O)[C@@H]2O)[C@@H](O)[C@H]1O,MSNITYVKGNILKPKSYARILIHSCNCNGSWGGGIAYQLALRYPKAEKDYVEVCEKYGSNLLGKCILLPSYENSDLLICCLFTSSFGGSSHGEKQSILNYTKLALDKLKTFREAKDKTRTSEDSIGDYLNGHIKYPIGEYKLEMPQINSGIFGVPWKETERVLEEFSGDMSFTVYQL,0.03,saccharomyces cerevisiae
14,Nc1ncnc2c1ncn2[C@@H]1O[C@H](COP(=O)(O)OP(=O)(O)O[C@H]2[C@@H](O)[C@H](n3cnc4c(N)ncnc43)O[C@@H]2CO)[C@@H](O)[C@H]1O,MSNITYVKGNILKPKSYARILIHSCNCNGSWGGGIAYQLALRYPKAEKDYVEVCEKYGSNLLGKCILLPSYENSDLLICCLFTSSFGGSSHGEKQSILNYTKLALDKLKTFREAKDKTRTSEDSIGDYLNGHIKYPIGEYKLEMPQINSGIFGVPWKETERVLEEFSGDMSFTVYQL,1.0,saccharomyces cerevisiae
15,NC(=O)c1ccc[n+]([C@@H]2O[C@H](COP(=O)(O)OP(=O)(O)OC[C@H]3O[C@@H](n4cnc5c(N)ncnc54)[C@H](O)[C@@H]3O)[C@@H](O)[C@H]2O)c1,MSNITYVKGNILKPKSYARILIHSCNCNGSWGGGIAYQLALRYPKAEKDYVEVCEKYGSNLLGKCILLPSYENSDLLICCLFTSSFGGSSHGEKQSILNYTKLALDKLKTFREAKDKTRTSEDSIGDYLNGHIKYPIGEYKLEMPQINSGIFGVPWKETERVLEEFSGDMSFTVYQL,1.5,saccharomyces cerevisiae
16,NC(=O)c1ccc[n+]([C@@H]2O[C@H](COP(=O)(O)OP(=O)(O)OC[C@H]3O[C@@H](n4cnc5c(N)ncnc54)[C@H](OP(=O)(O)O)[C@@H]3O)[C@@H](O)[C@H]2O)c1,MSNITYVKGNILKPKSYARILIHSCNCNGSWGGGIAYQLALRYPKAEKDYVEVCEKYGSNLLGKCILLPSYENSDLLICCLFTSSFGGSSHGEKQSILNYTKLALDKLKTFREAKDKTRTSEDSIGDYLNGHIKYPIGEYKLEMPQINSGIFGVPWKETERVLEEFSGDMSFTVYQL,2.0,saccharomyces cerevisiae
17,Nc1ccn([C@@H]2O[C@H](CO)[C@@H](O)[C@H]2OP(=O)(O)O)c(=O)n1,MSNITYVKGNILKPKSYARILIHSCNCNGSWGGGIAYQLALRYPKAEKDYVEVCEKYGSNLLGKCILLPSYENSDLLICCLFTSSFGGSSHGEKQSILNYTKLALDKLKTFREAKDKTRTSEDSIGDYLNGHIKYPIGEYKLEMPQINSGIFGVPWKETERVLEEFSGDMSFTVYQL,10.0,saccharomyces cerevisiae
18,Nc1ncnc2c1ncn2[C@@H]1O[C@H](CO)[C@@H](OP(=O)(O)O)[C@H]1O,MSNITYVKGNILKPKSYARILIHSCNCNGSWGGGIAYQLALRYPKAEKDYVEVCEKYGSNLLGKCILLPSYENSDLLICCLFTSSFGGSSHGEKQSILNYTKLALDKLKTFREAKDKTRTSEDSIGDYLNGHIKYPIGEYKLEMPQINSGIFGVPWKETERVLEEFSGDMSFTVYQL,10.0,saccharomyces cerevisiae
19,O=[N+]([O-])c1ccc(O[C@H]2O[C@H](CO)[C@@H](O)[C@H](O)[C@H]2O)cc1,MTISSAHPETEPKWWKEATIYQIYPASFKDSNNDGWGDMKGIASKLEYIKELGTDAIWISPFYDSPQDDMGYDIANYEKVWPTYGTNEDCFALIEKTHKLGMKFITDLVINHCSSEHEWFKESRSSKTNPKRDWFFWRPPKGYDAEGKPIPPNNWRSYFGGSAWTFDEKTQEFYLRLFCSTQPDLNWENEDCRKAIYESAVGYWLDHGVDGFRIDVGSLYSKVAGLPDAPVIDENSKWQLSDPFTMNGPRIHEFHQEMNKFIRNRVKDGREIMTVGEMRHATDETKRLYTSASRHELSELFNFSHTDVGTSPKFRQNLIPYELKDWKVALAELFRYVNGTDCWSTIYLENHDQPRSITRFGDDSPKNRVISGKLLSVLLVSLSGTLYVYQGQELGEINFKNWPIEKYEDVEVRNNYDAIKEEHGENSKEMKRFLEAIALISRDHARTPMQWSREEPNAGFSGPNAKPWFYLNESFREGINAEDESKDPNSVLNFWKEALRFRKAHKDITVYGYDFEFIDLDNKKLFSFTKKYDNKTLFAALNFSSDSIDFTIPNNSSSFKLEFGNYPRSEVDASSRTLKPWEGRIYISE,7.933333,saccharomyces cerevisiae
20,O=[N+]([O-])c1ccc(O[C@H]2O[C@H](CO)[C@@H](O)[C@H](O)[C@H]2O)cc1,MTIIHNPKWWKEATVYQIYPASFKDSNNDGWGDLAGITSKLDYVKELGVDAIWVCPFYDSPQEDMGYDIANYEKVWPRYGTNEDCFQMIEEAHKRGIKVIVDLVINHCSEEHEWFKESRSSKANPKRDWFFWRPPKGYDEKGNPIPPNNWRSFFGGSAWRYDEKTGEFFLHVFALGQPDFNWENEECRKAIYDSSVGYWLRHNVDGFRIDVGSMYSKVEGLPDAPITDPTVPYQKGTEFFINGPRIHEYHKEMHNYMLSQVPEGKEIMTVGEVGIGNEDDFRVYTSAKEGELNMMFNFKHTSVGENPKCKYELIPFTLKDFKLALAESFLFIENTDCWSTIYLENHDQPRSVSRFGSDSPKWREISSKMLATLIISLTGTVFIYQGQELGMPNFKNRKIEQIKCVEGTGTYAAIKRDYGEDSEKMKKFFEALALISRDHGRTPFPWSADEPSAGFSKDAKPWIDMNESFRDGINAEAELKDKNSVFFFWKKALQVRKEHKDILVYGHNFQFIDLDNDKLFMFTKDTDNKKMFAVFNFSSDNTDFSVPDNEASYTMFFGNYANSNGDSRTLQPWEGRLYLLK,7.933333,saccharomyces cerevisiae
21,O=[N+]([O-])c1ccc(O[C@H]2O[C@H](CO)[C@@H](O)[C@H](O)[C@H]2O)cc1,MTISSAHPETEPKWWKEATFYQIYPASFKDSNDDGWGDMKGIASKLEYIKELGADAIWISPFYDSPQDDMGYDIANYEKVWPTYGTNEDCFALIEKTHKLGMKFITDLVINHCSSEHEWFKESRSSKTNPKRDWFFWRPPKGYDAEGKPIPPNNWKSYFGGSAWTFDEKTQEFYLRLFCSTQPDLNWENEDCRKAIYESAVGYWLDHGVDGFRIDVGSLYSKVVGLPDAPVVDKNSTWQSSDPYTLNGPRIHEFHQEMNQFIRNRVKDGREIMTVGEMQHASDETKRLYTSASRHELSELFNFSHTDVGTSPLFRYNLVPFELKDWKIALAELFRYINGTDCWSTIYLENHDQPRSITRFGDDSPKNRVISGKLLSVLLSALTGTLYVYQGQELGQINFKNWPVEKYEDVEIRNNYNAIKEEHGENSEEMKKFLEAIALISRDHARTPMQWSREEPNAGFSGPSAKPWFYLNDSFREGINVEDEIKDPNSVLNFWKEALKFRKAHKDITVYGYDFEFIDLDNKKLFSFTKKYNNKTLFAALNFSSDATDFKIPNDDSSFKLEFGNYPKKEVDASSRTLKPWEGRIYISE,7.933333,saccharomyces cerevisiae
22,O=[N+]([O-])c1ccc(O[C@H]2O[C@H](CO)[C@@H](O)[C@H](O)[C@H]2O)cc1,MTISSAHPETEPKWWKEATIYQIYPASFKDSNNDGWGDMKGIASKLEYIKELGADAIWISPFYDSPQDDMGYDIANYEKVWPTYGTNEDCFALIEKTHKLGMKFITDLVINHCSSEHEWFKESRSSKTNPKRDWFFWRPPKGYDAEGKPIPPNNWRSYFGGSAWTFDEKTQEFYLRLFCSTQPDLNWENEDCRKAIYESAVGYWLDHGVDGFRIDVGSLYSKVAGLPDAPVIDENSKWQPSDPFTMNGPRIHEFHQEMNKFIRNRVKDGREIMTVGEMQHATDETKRLYTSASRHELSELFNFSHTDVGTSPKFRQNLIPYELKDWKVALAELFRYVNGTDCWSTIYLENHDQPRSITRFGDDSPKNRVISGKLLSVLLVSLSGTLYVYQGQELGEINFKNWPIEKYEDVEVRNNYDAIKEEHGENSKEMKRFLEAIALISRDHARTPMQWSREEPNAGFSGPNAKPWFYLNESFREGINAEDESKDPNSVLNFWKEALRFRKAHKDITVYGYDFEFIDLDNKKLFSFTKKYDNKTLFAALNFSSDSIDFTIPNNSSSFKLEFGNYPRSEVDASSRTLKPWEGRIYISE,7.933333,saccharomyces cerevisiae
23,OC[C@H]1O[C@H](OC[C@H]2O[C@H](O)[C@H](O)[C@@H](O)[C@@H]2O)[C@H](O)[C@@H](O)[C@@H]1O,MTISSAHPETEPKWWKEATIYQIYPASFKDSNNDGWGDMKGIASKLEYIKELGTDAIWISPFYDSPQDDMGYDIANYEKVWPTYGTNEDCFALIEKTHKLGMKFITDLVINHCSSEHEWFKESRSSKTNPKRDWFFWRPPKGYDAEGKPIPPNNWRSYFGGSAWTFDEKTQEFYLRLFCSTQPDLNWENEDCRKAIYESAVGYWLDHGVDGFRIDVGSLYSKVAGLPDAPVIDENSKWQLSDPFTMNGPRIHEFHQEMNKFIRNRVKDGREIMTVGEMRHATDETKRLYTSASRHELSELFNFSHTDVGTSPKFRQNLIPYELKDWKVALAELFRYVNGTDCWSTIYLENHDQPRSITRFGDDSPKNRVISGKLLSVLLVSLSGTLYVYQGQELGEINFKNWPIEKYEDVEVRNNYDAIKEEHGENSKEMKRFLEAIALISRDHARTPMQWSREEPNAGFSGPNAKPWFYLNESFREGINAEDESKDPNSVLNFWKEALRFRKAHKDITVYGYDFEFIDLDNKKLFSFTKKYDNKTLFAALNFSSDSIDFTIPNNSSSFKLEFGNYPRSEVDASSRTLKPWEGRIYISE,227.33333,saccharomyces cerevisiae
24,OC[C@H]1O[C@H](OC[C@H]2O[C@H](O)[C@H](O)[C@@H](O)[C@@H]2O)[C@H](O)[C@@H](O)[C@@H]1O,MTIIHNPKWWKEATVYQIYPASFKDSNNDGWGDLAGITSKLDYVKELGVDAIWVCPFYDSPQEDMGYDIANYEKVWPRYGTNEDCFQMIEEAHKRGIKVIVDLVINHCSEEHEWFKESRSSKANPKRDWFFWRPPKGYDEKGNPIPPNNWRSFFGGSAWRYDEKTGEFFLHVFALGQPDFNWENEECRKAIYDSSVGYWLRHNVDGFRIDVGSMYSKVEGLPDAPITDPTVPYQKGTEFFINGPRIHEYHKEMHNYMLSQVPEGKEIMTVGEVGIGNEDDFRVYTSAKEGELNMMFNFKHTSVGENPKCKYELIPFTLKDFKLALAESFLFIENTDCWSTIYLENHDQPRSVSRFGSDSPKWREISSKMLATLIISLTGTVFIYQGQELGMPNFKNRKIEQIKCVEGTGTYAAIKRDYGEDSEKMKKFFEALALISRDHGRTPFPWSADEPSAGFSKDAKPWIDMNESFRDGINAEAELKDKNSVFFFWKKALQVRKEHKDILVYGHNFQFIDLDNDKLFMFTKDTDNKKMFAVFNFSSDNTDFSVPDNEASYTMFFGNYANSNGDSRTLQPWEGRLYLLK,227.33333,saccharomyces cerevisiae
25,OC[C@H]1O[C@H](OC[C@H]2O[C@H](O)[C@H](O)[C@@H](O)[C@@H]2O)[C@H](O)[C@@H](O)[C@@H]1O,MTISSAHPETEPKWWKEATFYQIYPASFKDSNDDGWGDMKGIASKLEYIKELGADAIWISPFYDSPQDDMGYDIANYEKVWPTYGTNEDCFALIEKTHKLGMKFITDLVINHCSSEHEWFKESRSSKTNPKRDWFFWRPPKGYDAEGKPIPPNNWKSYFGGSAWTFDEKTQEFYLRLFCSTQPDLNWENEDCRKAIYESAVGYWLDHGVDGFRIDVGSLYSKVVGLPDAPVVDKNSTWQSSDPYTLNGPRIHEFHQEMNQFIRNRVKDGREIMTVGEMQHASDETKRLYTSASRHELSELFNFSHTDVGTSPLFRYNLVPFELKDWKIALAELFRYINGTDCWSTIYLENHDQPRSITRFGDDSPKNRVISGKLLSVLLSALTGTLYVYQGQELGQINFKNWPVEKYEDVEIRNNYNAIKEEHGENSEEMKKFLEAIALISRDHARTPMQWSREEPNAGFSGPSAKPWFYLNDSFREGINVEDEIKDPNSVLNFWKEALKFRKAHKDITVYGYDFEFIDLDNKKLFSFTKKYNNKTLFAALNFSSDATDFKIPNDDSSFKLEFGNYPKKEVDASSRTLKPWEGRIYISE,227.33333,saccharomyces cerevisiae
26,OC[C@H]1O[C@H](OC[C@H]2O[C@H](O)[C@H](O)[C@@H](O)[C@@H]2O)[C@H](O)[C@@H](O)[C@@H]1O,MTISSAHPETEPKWWKEATIYQIYPASFKDSNNDGWGDMKGIASKLEYIKELGADAIWISPFYDSPQDDMGYDIANYEKVWPTYGTNEDCFALIEKTHKLGMKFITDLVINHCSSEHEWFKESRSSKTNPKRDWFFWRPPKGYDAEGKPIPPNNWRSYFGGSAWTFDEKTQEFYLRLFCSTQPDLNWENEDCRKAIYESAVGYWLDHGVDGFRIDVGSLYSKVAGLPDAPVIDENSKWQPSDPFTMNGPRIHEFHQEMNKFIRNRVKDGREIMTVGEMQHATDETKRLYTSASRHELSELFNFSHTDVGTSPKFRQNLIPYELKDWKVALAELFRYVNGTDCWSTIYLENHDQPRSITRFGDDSPKNRVISGKLLSVLLVSLSGTLYVYQGQELGEINFKNWPIEKYEDVEVRNNYDAIKEEHGENSKEMKRFLEAIALISRDHARTPMQWSREEPNAGFSGPNAKPWFYLNESFREGINAEDESKDPNSVLNFWKEALRFRKAHKDITVYGYDFEFIDLDNKKLFSFTKKYDNKTLFAALNFSSDSIDFTIPNNSSSFKLEFGNYPRSEVDASSRTLKPWEGRIYISE,227.33333,saccharomyces cerevisiae
27,CO[C@H]1O[C@H](CO)[C@@H](O)[C@H](O)[C@H]1O,MTISSAHPETEPKWWKEATIYQIYPASFKDSNNDGWGDMKGIASKLEYIKELGTDAIWISPFYDSPQDDMGYDIANYEKVWPTYGTNEDCFALIEKTHKLGMKFITDLVINHCSSEHEWFKESRSSKTNPKRDWFFWRPPKGYDAEGKPIPPNNWRSYFGGSAWTFDEKTQEFYLRLFCSTQPDLNWENEDCRKAIYESAVGYWLDHGVDGFRIDVGSLYSKVAGLPDAPVIDENSKWQLSDPFTMNGPRIHEFHQEMNKFIRNRVKDGREIMTVGEMRHATDETKRLYTSASRHELSELFNFSHTDVGTSPKFRQNLIPYELKDWKVALAELFRYVNGTDCWSTIYLENHDQPRSITRFGDDSPKNRVISGKLLSVLLVSLSGTLYVYQGQELGEINFKNWPIEKYEDVEVRNNYDAIKEEHGENSKEMKRFLEAIALISRDHARTPMQWSREEPNAGFSGPNAKPWFYLNESFREGINAEDESKDPNSVLNFWKEALRFRKAHKDITVYGYDFEFIDLDNKKLFSFTKKYDNKTLFAALNFSSDSIDFTIPNNSSSFKLEFGNYPRSEVDASSRTLKPWEGRIYISE,587.0,saccharomyces cerevisiae
28,CO[C@H]1O[C@H](CO)[C@@H](O)[C@H](O)[C@H]1O,MTIIHNPKWWKEATVYQIYPASFKDSNNDGWGDLAGITSKLDYVKELGVDAIWVCPFYDSPQEDMGYDIANYEKVWPRYGTNEDCFQMIEEAHKRGIKVIVDLVINHCSEEHEWFKESRSSKANPKRDWFFWRPPKGYDEKGNPIPPNNWRSFFGGSAWRYDEKTGEFFLHVFALGQPDFNWENEECRKAIYDSSVGYWLRHNVDGFRIDVGSMYSKVEGLPDAPITDPTVPYQKGTEFFINGPRIHEYHKEMHNYMLSQVPEGKEIMTVGEVGIGNEDDFRVYTSAKEGELNMMFNFKHTSVGENPKCKYELIPFTLKDFKLALAESFLFIENTDCWSTIYLENHDQPRSVSRFGSDSPKWREISSKMLATLIISLTGTVFIYQGQELGMPNFKNRKIEQIKCVEGTGTYAAIKRDYGEDSEKMKKFFEALALISRDHGRTPFPWSADEPSAGFSKDAKPWIDMNESFRDGINAEAELKDKNSVFFFWKKALQVRKEHKDILVYGHNFQFIDLDNDKLFMFTKDTDNKKMFAVFNFSSDNTDFSVPDNEASYTMFFGNYANSNGDSRTLQPWEGRLYLLK,587.0,saccharomyces cerevisiae
29,CO[C@H]1O[C@H](CO)[C@@H](O)[C@H](O)[C@H]1O,MTISSAHPETEPKWWKEATFYQIYPASFKDSNDDGWGDMKGIASKLEYIKELGADAIWISPFYDSPQDDMGYDIANYEKVWPTYGTNEDCFALIEKTHKLGMKFITDLVINHCSSEHEWFKESRSSKTNPKRDWFFWRPPKGYDAEGKPIPPNNWKSYFGGSAWTFDEKTQEFYLRLFCSTQPDLNWENEDCRKAIYESAVGYWLDHGVDGFRIDVGSLYSKVVGLPDAPVVDKNSTWQSSDPYTLNGPRIHEFHQEMNQFIRNRVKDGREIMTVGEMQHASDETKRLYTSASRHELSELFNFSHTDVGTSPLFRYNLVPFELKDWKIALAELFRYINGTDCWSTIYLENHDQPRSITRFGDDSPKNRVISGKLLSVLLSALTGTLYVYQGQELGQINFKNWPVEKYEDVEIRNNYNAIKEEHGENSEEMKKFLEAIALISRDHARTPMQWSREEPNAGFSGPSAKPWFYLNDSFREGINVEDEIKDPNSVLNFWKEALKFRKAHKDITVYGYDFEFIDLDNKKLFSFTKKYNNKTLFAALNFSSDATDFKIPNDDSSFKLEFGNYPKKEVDASSRTLKPWEGRIYISE,587.0,saccharomyces cerevisiae
30,CO[C@H]1O[C@H](CO)[C@@H](O)[C@H](O)[C@H]1O,MTISSAHPETEPKWWKEATIYQIYPASFKDSNNDGWGDMKGIASKLEYIKELGADAIWISPFYDSPQDDMGYDIANYEKVWPTYGTNEDCFALIEKTHKLGMKFITDLVINHCSSEHEWFKESRSSKTNPKRDWFFWRPPKGYDAEGKPIPPNNWRSYFGGSAWTFDEKTQEFYLRLFCSTQPDLNWENEDCRKAIYESAVGYWLDHGVDGFRIDVGSLYSKVAGLPDAPVIDENSKWQPSDPFTMNGPRIHEFHQEMNKFIRNRVKDGREIMTVGEMQHATDETKRLYTSASRHELSELFNFSHTDVGTSPKFRQNLIPYELKDWKVALAELFRYVNGTDCWSTIYLENHDQPRSITRFGDDSPKNRVISGKLLSVLLVSLSGTLYVYQGQELGEINFKNWPIEKYEDVEVRNNYDAIKEEHGENSKEMKRFLEAIALISRDHARTPMQWSREEPNAGFSGPNAKPWFYLNESFREGINAEDESKDPNSVLNFWKEALRFRKAHKDITVYGYDFEFIDLDNKKLFSFTKKYDNKTLFAALNFSSDSIDFTIPNNSSSFKLEFGNYPRSEVDASSRTLKPWEGRIYISE,587.0,saccharomyces cerevisiae
31,OC[C@H]1O[C@H](OC[C@H]2O[C@](O)(CO)[C@@H](O)[C@@H]2O)[C@H](O)[C@@H](O)[C@@H]1O,MTISSAHPETEPKWWKEATIYQIYPASFKDSNNDGWGDMKGIASKLEYIKELGTDAIWISPFYDSPQDDMGYDIANYEKVWPTYGTNEDCFALIEKTHKLGMKFITDLVINHCSSEHEWFKESRSSKTNPKRDWFFWRPPKGYDAEGKPIPPNNWRSYFGGSAWTFDEKTQEFYLRLFCSTQPDLNWENEDCRKAIYESAVGYWLDHGVDGFRIDVGSLYSKVAGLPDAPVIDENSKWQLSDPFTMNGPRIHEFHQEMNKFIRNRVKDGREIMTVGEMRHATDETKRLYTSASRHELSELFNFSHTDVGTSPKFRQNLIPYELKDWKVALAELFRYVNGTDCWSTIYLENHDQPRSITRFGDDSPKNRVISGKLLSVLLVSLSGTLYVYQGQELGEINFKNWPIEKYEDVEVRNNYDAIKEEHGENSKEMKRFLEAIALISRDHARTPMQWSREEPNAGFSGPNAKPWFYLNESFREGINAEDESKDPNSVLNFWKEALRFRKAHKDITVYGYDFEFIDLDNKKLFSFTKKYDNKTLFAALNFSSDSIDFTIPNNSSSFKLEFGNYPRSEVDASSRTLKPWEGRIYISE,688.0,saccharomyces cerevisiae
32,OC[C@H]1O[C@H](OC[C@H]2O[C@](O)(CO)[C@@H](O)[C@@H]2O)[C@H](O)[C@@H](O)[C@@H]1O,MTIIHNPKWWKEATVYQIYPASFKDSNNDGWGDLAGITSKLDYVKELGVDAIWVCPFYDSPQEDMGYDIANYEKVWPRYGTNEDCFQMIEEAHKRGIKVIVDLVINHCSEEHEWFKESRSSKANPKRDWFFWRPPKGYDEKGNPIPPNNWRSFFGGSAWRYDEKTGEFFLHVFALGQPDFNWENEECRKAIYDSSVGYWLRHNVDGFRIDVGSMYSKVEGLPDAPITDPTVPYQKGTEFFINGPRIHEYHKEMHNYMLSQVPEGKEIMTVGEVGIGNEDDFRVYTSAKEGELNMMFNFKHTSVGENPKCKYELIPFTLKDFKLALAESFLFIENTDCWSTIYLENHDQPRSVSRFGSDSPKWREISSKMLATLIISLTGTVFIYQGQELGMPNFKNRKIEQIKCVEGTGTYAAIKRDYGEDSEKMKKFFEALALISRDHGRTPFPWSADEPSAGFSKDAKPWIDMNESFRDGINAEAELKDKNSVFFFWKKALQVRKEHKDILVYGHNFQFIDLDNDKLFMFTKDTDNKKMFAVFNFSSDNTDFSVPDNEASYTMFFGNYANSNGDSRTLQPWEGRLYLLK,688.0,saccharomyces cerevisiae
33,OC[C@H]1O[C@H](OC[C@H]2O[C@](O)(CO)[C@@H](O)[C@@H]2O)[C@H](O)[C@@H](O)[C@@H]1O,MTISSAHPETEPKWWKEATFYQIYPASFKDSNDDGWGDMKGIASKLEYIKELGADAIWISPFYDSPQDDMGYDIANYEKVWPTYGTNEDCFALIEKTHKLGMKFITDLVINHCSSEHEWFKESRSSKTNPKRDWFFWRPPKGYDAEGKPIPPNNWKSYFGGSAWTFDEKTQEFYLRLFCSTQPDLNWENEDCRKAIYESAVGYWLDHGVDGFRIDVGSLYSKVVGLPDAPVVDKNSTWQSSDPYTLNGPRIHEFHQEMNQFIRNRVKDGREIMTVGEMQHASDETKRLYTSASRHELSELFNFSHTDVGTSPLFRYNLVPFELKDWKIALAELFRYINGTDCWSTIYLENHDQPRSITRFGDDSPKNRVISGKLLSVLLSALTGTLYVYQGQELGQINFKNWPVEKYEDVEIRNNYNAIKEEHGENSEEMKKFLEAIALISRDHARTPMQWSREEPNAGFSGPSAKPWFYLNDSFREGINVEDEIKDPNSVLNFWKEALKFRKAHKDITVYGYDFEFIDLDNKKLFSFTKKYNNKTLFAALNFSSDATDFKIPNDDSSFKLEFGNYPKKEVDASSRTLKPWEGRIYISE,688.0,saccharomyces cerevisiae
34,OC[C@H]1O[C@H](OC[C@H]2O[C@](O)(CO)[C@@H](O)[C@@H]2O)[C@H](O)[C@@H](O)[C@@H]1O,MTISSAHPETEPKWWKEATIYQIYPASFKDSNNDGWGDMKGIASKLEYIKELGADAIWISPFYDSPQDDMGYDIANYEKVWPTYGTNEDCFALIEKTHKLGMKFITDLVINHCSSEHEWFKESRSSKTNPKRDWFFWRPPKGYDAEGKPIPPNNWRSYFGGSAWTFDEKTQEFYLRLFCSTQPDLNWENEDCRKAIYESAVGYWLDHGVDGFRIDVGSLYSKVAGLPDAPVIDENSKWQPSDPFTMNGPRIHEFHQEMNKFIRNRVKDGREIMTVGEMQHATDETKRLYTSASRHELSELFNFSHTDVGTSPKFRQNLIPYELKDWKVALAELFRYVNGTDCWSTIYLENHDQPRSITRFGDDSPKNRVISGKLLSVLLVSLSGTLYVYQGQELGEINFKNWPIEKYEDVEVRNNYDAIKEEHGENSKEMKRFLEAIALISRDHARTPMQWSREEPNAGFSGPNAKPWFYLNESFREGINAEDESKDPNSVLNFWKEALRFRKAHKDITVYGYDFEFIDLDNKKLFSFTKKYDNKTLFAALNFSSDSIDFTIPNNSSSFKLEFGNYPRSEVDASSRTLKPWEGRIYISE,688.0,saccharomyces cerevisiae
35,CC(=O)N[C@@H]1[C@@H]([C@@H]([C@H](O[C@H]1O[C@@H]2[C@H](O[C@H]([C@@H]([C@@H]2O)NC(=O)C)O[C@@H]3[C@H]([C@H]4[C@@H]([C@H]3O)N=C(O4)N(C)C)CO)CO)CO)O)O,MSLLYIILLFTQFLLLPTDAFDRSANTNIAVYWGQNSAGTQESLATYCESSDADIFLLSFLNQFPTLGLNFANACSDTFSDGLLHCTQIAEDIETCQSLGKKVLLSLGGASGSYLFSDDSQAETFAQTLWDTFGEGTGASERPFDSAVVDGFDFDIENNNEVGYSALATKLRTLFAEGTKQYYLSAAPQCPYPDASVGDLLENADIDFAFIQFYNNYCSVSGQFNWDTWLTYAQTVSPNKNIKLFLGLPGSASAAGSGYISDTSLLESTIADIASSSSFGGIALWDASQAFSNELNGEPYVEILKNLLTSASQTATTTVATSKTSAASTSSASTSSASTSQKKTTQSTTSTQSKSKVTLSPTASSAIKTSITQTTKTLTSSTKTKSSLGTTTTESTLNSVAITSMKTTLSSQITSAALVTPQTTTTSIVSSAPIQTAITSTLSPATKSSSVVSLQTATTSTLSPTTTSTSSGSTSSGSTSSDSTARTLAKELNAQYAAGKLNGKSTCTEGEIACSADGKFAVCDHSAWVYMECASGTTCYAYDSGDSVYTQCNFSYLESNYF,0.00091,saccharomyces cerevisiae
36,c1coc(CNc2ncnc3nc[nH]c23)c1,MSLLYIILLFTQFLLLPTDAFDRSANTNIAVYWGQNSAGTQESLATYCESSDADIFLLSFLNQFPTLGLNFANACSDTFSDGLLHCTQIAEDIETCQSLGKKVLLSLGGASGSYLFSDDSQAETFAQTLWDTFGEGTGASERPFDSAVVDGFDFDIENNNEVGYSALATKLRTLFAEGTKQYYLSAAPQCPYPDASVGDLLENADIDFAFIQFYNNYCSVSGQFNWDTWLTYAQTVSPNKNIKLFLGLPGSASAAGSGYISDTSLLESTIADIASSSSFGGIALWDASQAFSNELNGEPYVEILKNLLTSASQTATTTVATSKTSAASTSSASTSSASTSQKKTTQSTTSTQSKSKVTLSPTASSAIKTSITQTTKTLTSSTKTKSSLGTTTTESTLNSVAITSMKTTLSSQITSAALVTPQTTTTSIVSSAPIQTAITSTLSPATKSSSVVSLQTATTSTLSPTTTSTSSGSTSSGSTSSDSTARTLAKELNAQYAAGKLNGKSTCTEGEIACSADGKFAVCDHSAWVYMECASGTTCYAYDSGDSVYTQCNFSYLESNYF,0.0032,saccharomyces cerevisiae
37,CC(=O)NC1=NN=C(S1)S(=O)(=O)N,MSLLYIILLFTQFLLLPTDAFDRSANTNIAVYWGQNSAGTQESLATYCESSDADIFLLSFLNQFPTLGLNFANACSDTFSDGLLHCTQIAEDIETCQSLGKKVLLSLGGASGSYLFSDDSQAETFAQTLWDTFGEGTGASERPFDSAVVDGFDFDIENNNEVGYSALATKLRTLFAEGTKQYYLSAAPQCPYPDASVGDLLENADIDFAFIQFYNNYCSVSGQFNWDTWLTYAQTVSPNKNIKLFLGLPGSASAAGSGYISDTSLLESTIADIASSSSFGGIALWDASQAFSNELNGEPYVEILKNLLTSASQTATTTVATSKTSAASTSSASTSSASTSQKKTTQSTTSTQSKSKVTLSPTASSAIKTSITQTTKTLTSSTKTKSSLGTTTTESTLNSVAITSMKTTLSSQITSAALVTPQTTTTSIVSSAPIQTAITSTLSPATKSSSVVSLQTATTSTLSPTTTSTSSGSTSSGSTSSDSTARTLAKELNAQYAAGKLNGKSTCTEGEIACSADGKFAVCDHSAWVYMECASGTTCYAYDSGDSVYTQCNFSYLESNYF,0.07333333,saccharomyces cerevisiae
38,Cn1c(=O)c2[nH]c(Cl)nc2n(C)c1=O,MSLLYIILLFTQFLLLPTDAFDRSANTNIAVYWGQNSAGTQESLATYCESSDADIFLLSFLNQFPTLGLNFANACSDTFSDGLLHCTQIAEDIETCQSLGKKVLLSLGGASGSYLFSDDSQAETFAQTLWDTFGEGTGASERPFDSAVVDGFDFDIENNNEVGYSALATKLRTLFAEGTKQYYLSAAPQCPYPDASVGDLLENADIDFAFIQFYNNYCSVSGQFNWDTWLTYAQTVSPNKNIKLFLGLPGSASAAGSGYISDTSLLESTIADIASSSSFGGIALWDASQAFSNELNGEPYVEILKNLLTSASQTATTTVATSKTSAASTSSASTSSASTSQKKTTQSTTSTQSKSKVTLSPTASSAIKTSITQTTKTLTSSTKTKSSLGTTTTESTLNSVAITSMKTTLSSQITSAALVTPQTTTTSIVSSAPIQTAITSTLSPATKSSSVVSLQTATTSTLSPTTTSTSSGSTSSGSTSSDSTARTLAKELNAQYAAGKLNGKSTCTEGEIACSADGKFAVCDHSAWVYMECASGTTCYAYDSGDSVYTQCNFSYLESNYF,0.8775,saccharomyces cerevisiae
39,O=c1[nH]c(=O)n([C@@H]2O[C@H](CO)[C@@H](O)[C@H]2O)cc1F,MTVSKIPIWLDCDPGHDDAIAILLGCFHPAFNLLGISTCFGNAPPENTDYNARSLLTAMGKAQAIPVYKGAQRPWKREPHYAPDIHGISGLDGTSLLPKPTFEARTDKTYIEAIEEAILANNGEISFVSTGALTTLATVFRCKPYLKKSVKYISIMGGGLHGLGNCNPNLSAEFNVWIDPDAANYIFRDPDVKDKCIVVPLNLTHKAIATYKVNEMIYNEKNNSKLRELFLELFQFFAHTYKDMQGFESGPPIHDPVALMPLLEFYGWDPSSAVGFRYKRMDISCIDDVFNENSGKIIIEKEYPNDSDVGTIIGLDLNIQYFWDQIFEALNRADKMSTIG,0.6,saccharomyces cerevisiae
40,Nc1ccn([C@@H]2O[C@H](CO)[C@@H](O)[C@H]2O)c(=O)n1,MTVSKIPIWLDCDPGHDDAIAILLGCFHPAFNLLGISTCFGNAPPENTDYNARSLLTAMGKAQAIPVYKGAQRPWKREPHYAPDIHGISGLDGTSLLPKPTFEARTDKTYIEAIEEAILANNGEISFVSTGALTTLATVFRCKPYLKKSVKYISIMGGGLHGLGNCNPNLSAEFNVWIDPDAANYIFRDPDVKDKCIVVPLNLTHKAIATYKVNEMIYNEKNNSKLRELFLELFQFFAHTYKDMQGFESGPPIHDPVALMPLLEFYGWDPSSAVGFRYKRMDISCIDDVFNENSGKIIIEKEYPNDSDVGTIIGLDLNIQYFWDQIFEALNRADKMSTIG,2.0,saccharomyces cerevisiae
41,Nc1nc(=O)n([C@@H]2O[C@H](CO)[C@@H](O)[C@H]2O)cc1F,MTVSKIPIWLDCDPGHDDAIAILLGCFHPAFNLLGISTCFGNAPPENTDYNARSLLTAMGKAQAIPVYKGAQRPWKREPHYAPDIHGISGLDGTSLLPKPTFEARTDKTYIEAIEEAILANNGEISFVSTGALTTLATVFRCKPYLKKSVKYISIMGGGLHGLGNCNPNLSAEFNVWIDPDAANYIFRDPDVKDKCIVVPLNLTHKAIATYKVNEMIYNEKNNSKLRELFLELFQFFAHTYKDMQGFESGPPIHDPVALMPLLEFYGWDPSSAVGFRYKRMDISCIDDVFNENSGKIIIEKEYPNDSDVGTIIGLDLNIQYFWDQIFEALNRADKMSTIG,3.0,saccharomyces cerevisiae
42,Nc1ccn([C@H]2C[C@H](O)[C@@H](CO)O2)c(=O)n1,MTVSKIPIWLDCDPGHDDAIAILLGCFHPAFNLLGISTCFGNAPPENTDYNARSLLTAMGKAQAIPVYKGAQRPWKREPHYAPDIHGISGLDGTSLLPKPTFEARTDKTYIEAIEEAILANNGEISFVSTGALTTLATVFRCKPYLKKSVKYISIMGGGLHGLGNCNPNLSAEFNVWIDPDAANYIFRDPDVKDKCIVVPLNLTHKAIATYKVNEMIYNEKNNSKLRELFLELFQFFAHTYKDMQGFESGPPIHDPVALMPLLEFYGWDPSSAVGFRYKRMDISCIDDVFNENSGKIIIEKEYPNDSDVGTIIGLDLNIQYFWDQIFEALNRADKMSTIG,3.0,saccharomyces cerevisiae
43,O=c1[nH]cnc2c1ncn2[C@@H]1O[C@H](CO)[C@@H](O)[C@H]1O,MTVSKIPIWLDCDPGHDDAIAILLGCFHPAFNLLGISTCFGNAPPENTDYNARSLLTAMGKAQAIPVYKGAQRPWKREPHYAPDIHGISGLDGTSLLPKPTFEARTDKTYIEAIEEAILANNGEISFVSTGALTTLATVFRCKPYLKKSVKYISIMGGGLHGLGNCNPNLSAEFNVWIDPDAANYIFRDPDVKDKCIVVPLNLTHKAIATYKVNEMIYNEKNNSKLRELFLELFQFFAHTYKDMQGFESGPPIHDPVALMPLLEFYGWDPSSAVGFRYKRMDISCIDDVFNENSGKIIIEKEYPNDSDVGTIIGLDLNIQYFWDQIFEALNRADKMSTIG,3.0,saccharomyces cerevisiae
44,C[C@H](NC(=O)[C@H](C)NC(=O)[C@@H](N)Cc1ccc(O)cc1)C(=O)O,MLHRINPVRFSMQSCQRYFSKLVSPLEQHKSNTFTNRVRIPIEAGQPLHETRPFLIKSGELTPGISALEYYERRIRLAETLPPKSCVILAGNDIQFASGAVFYPFQQENDLFYLSGWNEPNSVMILEKPTDSLSDTIFHMLVPPKDAFAEKWEGFRSGVYGVQEIFNADESASINDLSKYLPKIINRNDFIYFDMLSTSNPSSSNFKHIKSLLDGSGNSNRSLNSIANKTIKPISKRIAEFRKIKSPQELRIMRRAGQISGRSFNQAFAKRFRNERTLDSFLHYKFISGGCDKDAYIPVVATGSNSLCIHYTRNDDVMFDDEMVLVDAAGSLGGYCADISRTWPNSGKFTDAQRDLYEAVLNVQRDCIKLCKASNNYSLHDIHEKSITLMKQELKNLGIDKVSGWNVEKLYPHYIGHNLGLDVHDVPKVSRYEPLKVGQVITIEPGLYIPNEESFPSYFRNVGIRIEDDIAIGEDTYTNLTVEAVKEIDDLENVMQNGLSTKFEEDQVAPL,5.0,saccharomyces cerevisiae
45,O=Cc1cccnc1,MKTLIVVDMQNDFISPLGSLTVPKGEELINPISDLMQDADRDWHRIVVTRDWHPSRHISFAKNHKDKEPYSTYTYHSPRPGDDSTQEGILWPVHCVKNTWGSQLVDQIMDQVVTKHIKIVDKGFLTDREYYSAFHDIWNFHKTDMNKYLEKHHTDEVYIVGVALEYCVKATAISAAELGYKTTVLLDYTRPISDDPEVINKVKEELKAHNINVVDK,0.00094,saccharomyces cerevisiae
46,O=Cc1ccccc1,MKTLIVVDMQNDFISPLGSLTVPKGEELINPISDLMQDADRDWHRIVVTRDWHPSRHISFAKNHKDKEPYSTYTYHSPRPGDDSTQEGILWPVHCVKNTWGSQLVDQIMDQVVTKHIKIVDKGFLTDREYYSAFHDIWNFHKTDMNKYLEKHHTDEVYIVGVALEYCVKATAISAAELGYKTTVLLDYTRPISDDPEVINKVKEELKAHNINVVDK,0.0206,saccharomyces cerevisiae
47,O=C(O)c1cccnc1,MKTLIVVDMQNDFISPLGSLTVPKGEELINPISDLMQDADRDWHRIVVTRDWHPSRHISFAKNHKDKEPYSTYTYHSPRPGDDSTQEGILWPVHCVKNTWGSQLVDQIMDQVVTKHIKIVDKGFLTDREYYSAFHDIWNFHKTDMNKYLEKHHTDEVYIVGVALEYCVKATAISAAELGYKTTVLLDYTRPISDDPEVINKVKEELKAHNINVVDK,0.12,saccharomyces cerevisiae
48,CC(=O)c1cccnc1,MKTLIVVDMQNDFISPLGSLTVPKGEELINPISDLMQDADRDWHRIVVTRDWHPSRHISFAKNHKDKEPYSTYTYHSPRPGDDSTQEGILWPVHCVKNTWGSQLVDQIMDQVVTKHIKIVDKGFLTDREYYSAFHDIWNFHKTDMNKYLEKHHTDEVYIVGVALEYCVKATAISAAELGYKTTVLLDYTRPISDDPEVINKVKEELKAHNINVVDK,0.316,saccharomyces cerevisiae
49,O=C(O)c1cnccn1,MKTLIVVDMQNDFISPLGSLTVPKGEELINPISDLMQDADRDWHRIVVTRDWHPSRHISFAKNHKDKEPYSTYTYHSPRPGDDSTQEGILWPVHCVKNTWGSQLVDQIMDQVVTKHIKIVDKGFLTDREYYSAFHDIWNFHKTDMNKYLEKHHTDEVYIVGVALEYCVKATAISAAELGYKTTVLLDYTRPISDDPEVINKVKEELKAHNINVVDK,6.7,saccharomyces cerevisiae
50,[F-],MGKTADNHGPVRSETAREGRENQVYSPVTGARLVAGCICLTPDKKQVLMITSSAHKKRWIVPKGGVEKDEPNYETTAQRETWEEAGCIGKIVANLGTVEDMRPPKDWNKDIKQFENSRKDSEVAKHPPRTEFHFYELEIENLLDKFPECHKRHRKLYSYTEAKQNLIDAKRPELLEALNRSAIIKDDK,0.08,saccharomyces cerevisiae
51,C1=NN(C(=O)NC1=O)[C@H]2[C@@H]([C@@H]([C@H](O2)COP(=O)(O)O)O)O,MSKATYKERAATHPSPVAAKLFNIMHEKQTNLCASLDVRTTKELLELVEALGPKICLLKTHVDILTDFSMEGTVKPLKALSAKYNFLLFEDRKFADIGNTVKLQYSAGVYRIAEWADITNAHGVVGPGIVSGLKQAAEEVTKEPRGLLMLAELSCKGSLATGEYTKGTVDIAKSDKDFVIGFIAQRDMGGRDEGYDWLIMTPGVGLDDKGDALGQQYRTVDDVVSTGSDIIIVGRGLFAKGRDAKVEGERYRKAGWEAYLRRCGQQN,0.005721333,saccharomyces cerevisiae
52,O=c1[nH]c(=O)c2ncn([C@@H]3O[C@H](COP(=O)(O)O)[C@@H](O)[C@H]3O)c2[nH]1,MSKATYKERAATHPSPVAAKLFNIMHEKQTNLCASLDVRTTKELLELVEALGPKICLLKTHVDILTDFSMEGTVKPLKALSAKYNFLLFEDRKFADIGNTVKLQYSAGVYRIAEWADITNAHGVVGPGIVSGLKQAAEEVTKEPRGLLMLAELSCKGSLATGEYTKGTVDIAKSDKDFVIGFIAQRDMGGRDEGYDWLIMTPGVGLDDKGDALGQQYRTVDDVVSTGSDIIIVGRGLFAKGRDAKVEGERYRKAGWEAYLRRCGQQN,0.017136667,saccharomyces cerevisiae
53,O=P(O)(O)OC[C@H]1OC(O)[C@H](O)[C@@H]1O,MSKATYKERAATHPSPVAAKLFNIMHEKQTNLCASLDVRTTKELLELVEALGPKICLLKTHVDILTDFSMEGTVKPLKALSAKYNFLLFEDRKFADIGNTVKLQYSAGVYRIAEWADITNAHGVVGPGIVSGLKQAAEEVTKEPRGLLMLAELSCKGSLATGEYTKGTVDIAKSDKDFVIGFIAQRDMGGRDEGYDWLIMTPGVGLDDKGDALGQQYRTVDDVVSTGSDIIIVGRGLFAKGRDAKVEGERYRKAGWEAYLRRCGQQN,0.081,saccharomyces cerevisiae
54,O=c1ccn([C@@H]2O[C@H](COP(=O)(O)O)[C@@H](O)[C@H]2O)c(=O)[nH]1,MSKATYKERAATHPSPVAAKLFNIMHEKQTNLCASLDVRTTKELLELVEALGPKICLLKTHVDILTDFSMEGTVKPLKALSAKYNFLLFEDRKFADIGNTVKLQYSAGVYRIAEWADITNAHGVVGPGIVSGLKQAAEEVTKEPRGLLMLAELSCKGSLATGEYTKGTVDIAKSDKDFVIGFIAQRDMGGRDEGYDWLIMTPGVGLDDKGDALGQQYRTVDDVVSTGSDIIIVGRGLFAKGRDAKVEGERYRKAGWEAYLRRCGQQN,0.26,saccharomyces cerevisiae
55,O=c1ccn([C@H]2C[C@H](O)[C@@H](COP(=O)(O)O)O2)c(=O)[nH]1,MSKATYKERAATHPSPVAAKLFNIMHEKQTNLCASLDVRTTKELLELVEALGPKICLLKTHVDILTDFSMEGTVKPLKALSAKYNFLLFEDRKFADIGNTVKLQYSAGVYRIAEWADITNAHGVVGPGIVSGLKQAAEEVTKEPRGLLMLAELSCKGSLATGEYTKGTVDIAKSDKDFVIGFIAQRDMGGRDEGYDWLIMTPGVGLDDKGDALGQQYRTVDDVVSTGSDIIIVGRGLFAKGRDAKVEGERYRKAGWEAYLRRCGQQN,0.26,saccharomyces cerevisiae
56,OC[C@H]1OC(O)[C@H](O)[C@@H]1O,MSKATYKERAATHPSPVAAKLFNIMHEKQTNLCASLDVRTTKELLELVEALGPKICLLKTHVDILTDFSMEGTVKPLKALSAKYNFLLFEDRKFADIGNTVKLQYSAGVYRIAEWADITNAHGVVGPGIVSGLKQAAEEVTKEPRGLLMLAELSCKGSLATGEYTKGTVDIAKSDKDFVIGFIAQRDMGGRDEGYDWLIMTPGVGLDDKGDALGQQYRTVDDVVSTGSDIIIVGRGLFAKGRDAKVEGERYRKAGWEAYLRRCGQQN,37.0,saccharomyces cerevisiae
57,C([C@H]([C@H]([C@@H]([C@H](COP(=O)(O)O)O)O)O)O)OP(=O)(O)O,MGVEQILKRKTGVIVGEDVHNLFTYAKEHKFAIPAINVTSSSTAVAALEAARDSKSPIILQTSNGGAAYFAGKGISNEGQNASIKGAIAAAHYIRSIAPAYGIPVVLHSDHCAKKLLPWFDGMLEADEAYFKEHGEPLFSSHMLDLSEETDEENISTCVKYFKRMAAMDQWLEMEIGITGGEEDGVNNENADKEDLYTKPEQVYNVYKALHPISPNFSIAAAFGNCHGLYAGDIALRPEILAEHQKYTREQVGCKEEKPLFLVFHGGSGSTVQEFHTGIDNGVVKVNLDTDCQYAYLTGIRDYVLNKKDYIMSPVGNPEGPEKPNKKFFDPRVWVREGEKTMGAKITKSLETFRTTNTL,0.06,saccharomyces cerevisiae
58,NC(=O)NCC(N)C(=O)O,MPVVHVIDVESGNLQSLTNAIEHLGYEVQLVKSPKDFNISGTSRLILPGVGNYGHFVDNLFNRGFEKPIREYIESGKPIMGICVGLQALFAGSVESPKSTGLNYIDFKLSRFDDSEKPVPEIGWNSCIPSENLFFGLDPYKRYYFVHSFAAILNSEKKKNLENDGWKIAKAKYGSEEFIAAVNKNNIFATQFHPEKSGKAGLNVIENFLKQQSPPIPNYSAEEKELLMNDYSNYGLTRRIIACLDVRTNDQGDLVVTKGDQYDVREKSDGKGVRNLGKPVQLAQKYYQQGADEVTFLNITSFRDCPLKDTPMLEVLKQAAKTVFVPLTVGGGIKDIVDVDGTKIPALEVASLYFRSGADKVSIGTDAVYAAEKYYELGNRGDGTSPIETISKAYGAQAVVISVDPKRVYVNSQADTKNKVFETEYPGPNGEKYCWYQCTIKGGRESRDLGVWELTRACEALGAGEILLNCIDKDGSNSGYDLELIEHVKDAVKIPVIASSGAGVPEHFEEAFLKTRADACLGAGMFHRGEFTVNDVKEYLLEHGLKVRMDEE,0.85999995,saccharomyces cerevisiae
59,O=[As]([O-])([O-])[O-],MARTFFVGGNFKLNGSKQSIKEIVERLNTASIPENVEVVICPPATYLDYSVSLVKKPQVTVGAQNAYLKASGAFTGENSVDQIKDVGAKWVILGHSERRSYFHEDDKFIADKTKFALGQGVGVILCIGETLEEKKAGKTLDVVERQLNAVLEEVKDWTNVVVAYEPVWAIGTGLAATPEDAQDIHASIRKFLASKLGDKAASELRILYGGSANGSNAVTFKDKADVDGFLVGGASLKPEFVDIINSRN,6.0625,saccharomyces cerevisiae
60,O=P(O)(O)O[C@H]1[C@H](OP(=O)(O)O)[C@@H](OP(=O)(O)O)[C@H](OP(=O)(O)O)[C@@H](OP(=O)(O)O)[C@H]1OP(=O)(O)O,MPKLVLVRHGQSEWNEKNLFTGWVDVKLSAKGQQEAARAGELLKEKKVYPDVLYTSKLSRAIQTANIALEKADRLWIPVNRSWRLNERHYGDLQGKDKAETLKKFGEEKFNTYRRSFDVPPPPIDASSPFSQKGDERYKYVDPNVLPETESLALVIDRLLPYWQDVIAKDLLSGKTVMIAAHGNSLRGLVKHLEGISDADIAKLNIPTGIPLVFELDENLKPSKPSYYLDPEAAAAGAAAVANQGKK,0.004,saccharomyces cerevisiae
61,C1=C(C(=CC(=C1C(=O)[O-])C(=O)[O-])C(=O)[O-])C(=O)[O-],MPKLVLVRHGQSEWNEKNLFTGWVDVKLSAKGQQEAARAGELLKEKKVYPDVLYTSKLSRAIQTANIALEKADRLWIPVNRSWRLNERHYGDLQGKDKAETLKKFGEEKFNTYRRSFDVPPPPIDASSPFSQKGDERYKYVDPNVLPETESLALVIDRLLPYWQDVIAKDLLSGKTVMIAAHGNSLRGLVKHLEGISDADIAKLNIPTGIPLVFELDENLKPSKPSYYLDPEAAAAGAAAVANQGKK,0.013,saccharomyces cerevisiae
62,C1=CC(=C(C=C1C(=O)[O-])C(=O)[O-])C(=O)[O-],MPKLVLVRHGQSEWNEKNLFTGWVDVKLSAKGQQEAARAGELLKEKKVYPDVLYTSKLSRAIQTANIALEKADRLWIPVNRSWRLNERHYGDLQGKDKAETLKKFGEEKFNTYRRSFDVPPPPIDASSPFSQKGDERYKYVDPNVLPETESLALVIDRLLPYWQDVIAKDLLSGKTVMIAAHGNSLRGLVKHLEGISDADIAKLNIPTGIPLVFELDENLKPSKPSYYLDPEAAAAGAAAVANQGKK,0.021,saccharomyces cerevisiae
63,C1=CC(=C(C(=C1)C(=O)[O-])C(=O)[O-])C(=O)[O-],MPKLVLVRHGQSEWNEKNLFTGWVDVKLSAKGQQEAARAGELLKEKKVYPDVLYTSKLSRAIQTANIALEKADRLWIPVNRSWRLNERHYGDLQGKDKAETLKKFGEEKFNTYRRSFDVPPPPIDASSPFSQKGDERYKYVDPNVLPETESLALVIDRLLPYWQDVIAKDLLSGKTVMIAAHGNSLRGLVKHLEGISDADIAKLNIPTGIPLVFELDENLKPSKPSYYLDPEAAAAGAAAVANQGKK,0.023,saccharomyces cerevisiae
64,C1=C(C=C(C=C1C(=O)[O-])C(=O)[O-])C(=O)[O-],MPKLVLVRHGQSEWNEKNLFTGWVDVKLSAKGQQEAARAGELLKEKKVYPDVLYTSKLSRAIQTANIALEKADRLWIPVNRSWRLNERHYGDLQGKDKAETLKKFGEEKFNTYRRSFDVPPPPIDASSPFSQKGDERYKYVDPNVLPETESLALVIDRLLPYWQDVIAKDLLSGKTVMIAAHGNSLRGLVKHLEGISDADIAKLNIPTGIPLVFELDENLKPSKPSYYLDPEAAAAGAAAVANQGKK,0.024,saccharomyces cerevisiae
65,N[C@@H](CCC(=O)N[C@@H](CS)C(=O)O)C(=O)O,MGLLALGTPLQWFESRTYNEHIRDEGIEQLLYIFQAAGKRDNDPLFWGDELEYMVVDFDDKERNSMLDVCHDKILTELNMEDSSLCEANDVSFHPEYGRYMLEATPASPYLNYVGSYVEVNMQKRRAIAEYKLSEYARQDSKNNLHVGSRSVPLTLTVFPRMGCPDFINIKDPWNHKNAASRSLFLPDEVINRHVRFPNLTASIRTRRGEKVCMNVPMYKDIATPETDDSIYDRDWFLPEDKEAKLASKPGFIYMDSMGFGMGCSCLQVTFQAPNINKARYLYDALVNFAPIMLAFSAAAPAFKGWLADQDVRWNVISGAVDDRTPKERGVAPLLPKYNKNGFGGIAKDVQDKVLEIPKSRYSSVDLFLGGSKFFNRTYNDTNVPINEKVLGRLLENDKAPLDYDLAKHFAHLYIRDPVSTFEELLNQDNKTSSNHFENIQSTNWQTLRFKPPTQQATPDKKDSPGWRVEFRPFEVQLLDFENAAYSVLIYLIVDSILTFSDNINAYIHMSKVWENMKIAHHRDAILFEKFHWKKSFRNDTDVETEDYSISEIFHNPENGIFPQFVTPILCQKGFVTKDWKELKHSSKHERLYYYLKLISDRASGELPTTAKFFRNFVLQHPDYKHDSKISKSINYDLLSTCDRLTHLDDSKGELTSFLGAEIAEYVKKNKPSIESKC,2.12,saccharomyces cerevisiae
66,N[C@@H](CCC(=O)O)C(=O)O,MGLLALGTPLQWFESRTYNEHIRDEGIEQLLYIFQAAGKRDNDPLFWGDELEYMVVDFDDKERNSMLDVCHDKILTELNMEDSSLCEANDVSFHPEYGRYMLEATPASPYLNYVGSYVEVNMQKRRAIAEYKLSEYARQDSKNNLHVGSRSVPLTLTVFPRMGCPDFINIKDPWNHKNAASRSLFLPDEVINRHVRFPNLTASIRTRRGEKVCMNVPMYKDIATPETDDSIYDRDWFLPEDKEAKLASKPGFIYMDSMGFGMGCSCLQVTFQAPNINKARYLYDALVNFAPIMLAFSAAAPAFKGWLADQDVRWNVISGAVDDRTPKERGVAPLLPKYNKNGFGGIAKDVQDKVLEIPKSRYSSVDLFLGGSKFFNRTYNDTNVPINEKVLGRLLENDKAPLDYDLAKHFAHLYIRDPVSTFEELLNQDNKTSSNHFENIQSTNWQTLRFKPPTQQATPDKKDSPGWRVEFRPFEVQLLDFENAAYSVLIYLIVDSILTFSDNINAYIHMSKVWENMKIAHHRDAILFEKFHWKKSFRNDTDVETEDYSISEIFHNPENGIFPQFVTPILCQKGFVTKDWKELKHSSKHERLYYYLKLISDRASGELPTTAKFFRNFVLQHPDYKHDSKISKSINYDLLSTCDRLTHLDDSKGELTSFLGAEIAEYVKKNKPSIESKC,4.315,saccharomyces cerevisiae
67,O=[Se]([O-])[O-],MSSVNKDTIHVAERSLHKEHLTEGGNMAFHNHLNDFAHIEDPLERRRLALESIDDEGFGWQQVKTISIAGVGFLTDSYDIFAINLGITMMSYVYWHGSMPGPSQTLLKVSTSVGTVIGQFGFGTLADIVGRKRIYGMELIIMIVCTILQTTVAHSPAINFVAVLTFYRIVMGIGIGGDYPLSSIITSEFATTKWRGAIMGAVFANQAWGQISGGIIALILVAAYKGELEYANSGAECDARCQKACDQMWRILIGLGTVLGLACLYFRLTIPESPRYQLDVNAKLELAAAAQEQDGEKKIHDTSDEDMAINGLERASTAVESLDNHPPKASFKDFCRHFGQWKYGKILLGTAGSWFTLDVAFYGLSLNSAVILQTIGYAGSKNVYKKLYDTAVGNLILICAGSLPGYWVSVFTVDIIGRKPIQLAGFIILTALFCVIGFAYHKLGDHGLLALYVICQFFQNFGPNTTTFIVPGECFPTRYRSTAHGISAASGKVGAIIAQTALGTLIDHNCARDGKPTNCWLPHVMEIFALFMLLGIFTTLLIPETKRKTLEEINELYHDEIDPATLNFRNKNNDIESSSPSQLQHEA,5.05,saccharomyces cerevisiae
68,O=[Se]([O-])[O-],MRFSHFLKYNAVPEWQNHYLDYNELKNLIYTLQTDELKQETPTGDLNDDADSQTPGPIADIESNIAAGEPSSSKRRFTHKLKRKLFGSKTPSGSKRGDSDEKAIDGNNINEETIELDELSPQGKTTSFNKNFIRKKFFESRSSSVSSEGKTLFSSYDTFVTNLSDEKLKVDDFYKRMEAKFYERFDHLINDLEKEGIVTRLNETFNPEIQALPPLREIISGTSETHSSNNPFEIHSSNIDSELRNRFDYSEEEMDEDDDVDVFADTTDNTALLNYSQFNIKSQKKSLLKQTIINLYIDLCQLKSFIELNRMGFSKITKKSDKVLHMNTRQELIESEEFFKDTYIFQHETLSSLNSKIAQLIEFYAVLMGQPGNVDSCKQELKSYLHDHIVWERSNTWKDMLGLSSQNNDIITIEDEAEKLMQEKLQIEYFKYPLPKPINLKFTKIENLAVPKLFFGKRAMKIGFIIIVTGVLLGVKTFNDPVEHRCMALVECCAFLWASEAIPLHITGLLVPLLTVLFRVLKDDDGKVMGAAAASTEILGTMWSSTIMILLAGFTLGEALSQYNVAKVLASWLLALAGTKPRNVLLMAMSVVFFLSMWISNVASPVLTYSLLTPLLDPLDYTSPFAKALVMGVALSADIGGMASPISSPQNIISMQYLKPYGIGWGQFFAVALPTGILSMLCSWALMILTFKIGKTKLEKFKPIRTRFTIKQYFIIIVTIATILLWCVESQIESAFGSSGEIAVIPIVLFFGTGLLSTKDFNTFPWSIVVLAMGGIALGKAVSSSGLLVTIARALQKKIQNDGVFAILCIFGILMLVVGTFVSHTVSAIIIIPLVQEVGDKLSDPKAAPILVFGCALLASCGMGLASSGFPNVTAISMTDKKGNRWLTVGAFISRGVPASLLAFVCVITLGYGISSSVLKGST,5.05,saccharomyces cerevisiae
69,O=[Se]([O-])[O-],MKFSHSLQFNSVPEWSTKYLAYSQLKKLIYSLQKDKLYSNNKHHVVEPHDANDENLPLLADASPDDQFYISKFVAALNQELKKIDKFYISQETGLIANYNELKDDVMELENTNKATQLFNQQQQHQLQSVARNRKSKSQQRQRRFSSVSSTDSNPSLTDMSIDSAPVIHTQVSNTTNNGNSMQNLASASVSLSNSNPVYLSPFTQHRLSLKKRLISIYTQLSELKDFIELNQTGFSKICKKFDKSLNTNLKQNYLNYIKFHSHVFNPATINRIQHHITETILTYASLNKGTRRPSNTFNLDADRINNDENSSGNEEDEDGNRQEVLDFQDAERELSSHLRDHVVWERNTVWKDMMNLERKYQSAKTDNKKFSKLSSSQLRPNANITESMAMSSGGAGIIAPSTDSLTFRELMHLPPKQWLQFIMGQTSLLKFLLITSCFIALLTFNLTPFTQDSLQKNCFAILIYASLLWATETIPLFVTSLMIPLLIVVFPVIKDPITSQPMSPRDSSQFILSTMWSSVIMLLLGGFTLAAALSKYNIAKVLSTHILASAGTNPHFILLTNMFVALFVSMWVSNVAAPVLCYSIVQPLLRTLPRNCSYAKALILGIALASNIGGMSSPIASPQNIFSIGIMDPSPSWAEWFMIALPVCFICVMAIWVLLIITFPPEPNVKILQLHPSRDPFTLKQWFVTLVCIITIVLWCLSNQISGIFGEMGIISIIPIVVFFGTGLLTSDDFNNFMWTIVVLAMGGTTLGKAVSSSGLLSTMAQLIKAQVEHEPIFIIVLIFGLVILVMATFVSHTVAAMIIVPLMSEIGSNLPSGDHSRLLIVIAALLCSSAMGLPTSGFPNVTAISMIDEVGDRYLTVGTFITRGVPASLLSYAAIVTVGYGILKVMGF,5.05,saccharomyces cerevisiae
70,O=[Se]([O-])[O-],MRFSHFLKYNAVPEWQNHYMDYSELKNLIYTLQTDELQVGDNEEGFGAGKSSNITDRFKNKFSFKNAKEDTSSGMNKDAGIVEETIELRELPTAQTVAAKPSPFRRMKEKIFYKRRSSSASSVSSTANENLQLDTYDTFVGDLTAEKQKVDDFYKRTEAKFYDKFDALVKDLKKIGVIEYDIDDDTLFNEPIASTNDEVPPLDLDDDEDDDEFYDDQSNIEDNTALLHHSQYNIKSQKKSLLKKSIVNLYIDLCQLKSFIELNRIGFAKITKKSDKVLHLNTRTELIESEQFFKDTYAFQAETIELLNSKISQLVTFYARITDRPHNISHSKQELKSYLHDHIVWERSNTWKDMLGLLSQADELTPKETEYNANKLVGKLDLEYYRWPLPRPINLKFTSINNVALPKLFFTKKAYKIYFIILVTGLLLGIKTFNDAAQHRCMALVECVAFLWASEAIPLHITAFLVPLLVVLFKVLKTSDGAIMSAASASSEILAAMWSSTIMILLAGFTLGEVLAQYNIAKVLASWLLAFAGCKPRNVLLMAMCVVFFLSMWISNVAAPVLTYSLLSPLLDAMDADSPFAQALVLGVALAANIGGMSSPISSPQNIISMSYLKPYGIGWGQFFAVALPSGILAMLLVWILLFTTFKMNKTKLEKFKPIKTKFTVKQYYIITVTVATILLWCVESQIEGAFGSSGQIAIIPIVLFFGTGLLSTQDLNAFPWSIVILAMGGIALGKAVSSSGLLSTIAKALQKKIENDGVFAILCIFGILMLVVGTFVSHTVSAIIIIPLVQEVGDKLGNPKAAPILVFGCALLSSCGMGLASSGFPNVTAISKVDRKGDRYLSVMTFLTRGVPASILAFLCVITLGYGIMASVVKGNATSA,5.05,saccharomyces cerevisiae
