,CMPD_SMILES,SEQ,kcat_KM,organism
0,O=Cc1ccco1,MSDEIVTNKSVTYVNNTTPVTITSSELDLRSCYQDDEVVIEVHAAALNPIDFITHQLCNSYIFGKYPKTYSRDYSGVIIKAGKDVDNRWKVGDKVNGMYSHIYGERGTLTHYLILNPAKDVPITHMVEVPKDENDPYDDFVYAAAWPLTFGTAFSTLYDFKKDWTSDSKVLVIGASTSVSYAFVHIAKNYFNIGTVVGICSKNSIERNKKLGYDYLVPYDEGSIVENVKKLKQSVLENDKFDMIFDSVGNHDFFPVIDQFLKPKAKNSFYVTIAGNNKADYKNISWRDFVSLSSILKAINPFKKYNWRFGHPYPPNNFIEVGNEMIKKGTYKPPIDSVYEFDQYKEAIDRLMSNRAKGKVVVKMK,0.385,saccharomyces cerevisiae
1,O=CCO,MSDEIVTNKSVTYVNNTTPVTITSSELDLRSCYQDDEVVIEVHAAALNPIDFITHQLCNSYIFGKYPKTYSRDYSGVIIKAGKDVDNRWKVGDKVNGMYSHIYGERGTLTHYLILNPAKDVPITHMVEVPKDENDPYDDFVYAAAWPLTFGTAFSTLYDFKKDWTSDSKVLVIGASTSVSYAFVHIAKNYFNIGTVVGICSKNSIERNKKLGYDYLVPYDEGSIVENVKKLKQSVLENDKFDMIFDSVGNHDFFPVIDQFLKPKAKNSFYVTIAGNNKADYKNISWRDFVSLSSILKAINPFKKYNWRFGHPYPPNNFIEVGNEMIKKGTYKPPIDSVYEFDQYKEAIDRLMSNRAKGKVVVKMK,0.96,saccharomyces cerevisiae
2,CC=O,MSDEIVTNKSVTYVNNTTPVTITSSELDLRSCYQDDEVVIEVHAAALNPIDFITHQLCNSYIFGKYPKTYSRDYSGVIIKAGKDVDNRWKVGDKVNGMYSHIYGERGTLTHYLILNPAKDVPITHMVEVPKDENDPYDDFVYAAAWPLTFGTAFSTLYDFKKDWTSDSKVLVIGASTSVSYAFVHIAKNYFNIGTVVGICSKNSIERNKKLGYDYLVPYDEGSIVENVKKLKQSVLENDKFDMIFDSVGNHDFFPVIDQFLKPKAKNSFYVTIAGNNKADYKNISWRDFVSLSSILKAINPFKKYNWRFGHPYPPNNFIEVGNEMIKKGTYKPPIDSVYEFDQYKEAIDRLMSNRAKGKVVVKMK,423.16,saccharomyces cerevisiae
3,C[C@H](O)CC(=O)O,MSQGRKAAERLAKKTVLITGASAGIGKATALEYLEASNGDMKLILAARRLEKLEELKKTIDQEFPNAKVHVAQLDITQAEKIKPFIENLPQEFKDIDILVNNAGKALGSDRVGQIATEDIQDVFDTNVTALINITQAVLPIFQAKNSGDIVNLGSIAGRDAYPTGSIYCASKFAVGAFTDSLRKELINTKIRVILIAPGLVETEFSLVRYRGNEEQAKNVYKDTTPLMADDVADLIVYATSRKQNTVIADTLIFPTNQASPHHIFRG,0.099,saccharomyces cerevisiae
4,N[C@H](CO)C(=O)O,MSQGRKAAERLAKKTVLITGASAGIGKATALEYLEASNGDMKLILAARRLEKLEELKKTIDQEFPNAKVHVAQLDITQAEKIKPFIENLPQEFKDIDILVNNAGKALGSDRVGQIATEDIQDVFDTNVTALINITQAVLPIFQAKNSGDIVNLGSIAGRDAYPTGSIYCASKFAVGAFTDSLRKELINTKIRVILIAPGLVETEFSLVRYRGNEEQAKNVYKDTTPLMADDVADLIVYATSRKQNTVIADTLIFPTNQASPHHIFRG,0.11,saccharomyces cerevisiae
5,N[C@@H](CO)C(=O)O,MSQGRKAAERLAKKTVLITGASAGIGKATALEYLEASNGDMKLILAARRLEKLEELKKTIDQEFPNAKVHVAQLDITQAEKIKPFIENLPQEFKDIDILVNNAGKALGSDRVGQIATEDIQDVFDTNVTALINITQAVLPIFQAKNSGDIVNLGSIAGRDAYPTGSIYCASKFAVGAFTDSLRKELINTKIRVILIAPGLVETEFSLVRYRGNEEQAKNVYKDTTPLMADDVADLIVYATSRKQNTVIADTLIFPTNQASPHHIFRG,0.116,saccharomyces cerevisiae
6,C[C@@H](CO)C(=O)O,MSQGRKAAERLAKKTVLITGASAGIGKATALEYLEASNGDMKLILAARRLEKLEELKKTIDQEFPNAKVHVAQLDITQAEKIKPFIENLPQEFKDIDILVNNAGKALGSDRVGQIATEDIQDVFDTNVTALINITQAVLPIFQAKNSGDIVNLGSIAGRDAYPTGSIYCASKFAVGAFTDSLRKELINTKIRVILIAPGLVETEFSLVRYRGNEEQAKNVYKDTTPLMADDVADLIVYATSRKQNTVIADTLIFPTNQASPHHIFRG,0.3545,saccharomyces cerevisiae
7,C[C@H](O)[C@H](N)C(=O)O,MSQGRKAAERLAKKTVLITGASAGIGKATALEYLEASNGDMKLILAARRLEKLEELKKTIDQEFPNAKVHVAQLDITQAEKIKPFIENLPQEFKDIDILVNNAGKALGSDRVGQIATEDIQDVFDTNVTALINITQAVLPIFQAKNSGDIVNLGSIAGRDAYPTGSIYCASKFAVGAFTDSLRKELINTKIRVILIAPGLVETEFSLVRYRGNEEQAKNVYKDTTPLMADDVADLIVYATSRKQNTVIADTLIFPTNQASPHHIFRG,14.6,saccharomyces cerevisiae
8,O=CCO,MRALAYFKKGDTHFTNDIPRPEIQTDDEVIIDVSWCGICGSDLHEYLDGPIFMPKDGECHNLSNAALPLAMGHEMSGIVSKVGPKVTKVKVGDHVVVDAASSCADLHCWPHSKFYNSKPCDACQRGSENLCTHAGFVGLGVISGGFAEQVVVSQHHIIPVPKEIPLDEAALVEPLSVTWHAVKISGFKKGSSALVLGAGPIGLCTILVLKGMGASKIVVSEVAERRIEMAKKLGAEVFNPSKHGHKSIEILRGLTKSHDGFDYSYDCSGIQVTFETSLKALTFKGTATNIAVWGPKPVPFQPMDVTLQEKVMTGSIGYVVEDFEEVVRAIHNGDIAMEDCKQLITGKQRIEDGWEKGFQELMDHKESNVKILLTPNNHGEMK,2.21,saccharomyces cerevisiae
9,O=CCO,MRALAYFGKGNIRFTNHLKEPHIVAPDELVIDIAWCGICGTDLHEYTDGPIFFPEDGHTHEISHNPLPQAMGHEMAGTVLEVGPGVKNLKVGDKVIVEPTGTCRDRYRWPLSPNVDKEWCAACKKGYYNICSYLGLCGAGVQSGGFAERVVMNESHCYKVPDFVPLDVAALIQPLAVCWHAIRVCEFKAGSTALIIGAGPIGLGTILALNAAGCKDIVVSEPAKVRRELAEKMGARVYDPTAHAAKESIDYLRSIADGGDGFDYTFDCSGLEVTLNAAIQCLTFRGTAVNLAMWGHHKIQFSPMDITLHERKYTGSMCYTHHDFEAVIEALEEGRIDIDRARHMITGRVNIEDGLDGAIMKLINEKESAIKIILTPNNHGELNREADNEKKEISELSSRKDQERLRESINEAKLRHT,2.21,saccharomyces cerevisiae
10,CC=O,MRALAYFKKGDTHFTNDIPRPEIQTDDEVIIDVSWCGICGSDLHEYLDGPIFMPKDGECHNLSNAALPLAMGHEMSGIVSKVGPKVTKVKVGDHVVVDAASSCADLHCWPHSKFYNSKPCDACQRGSENLCTHAGFVGLGVISGGFAEQVVVSQHHIIPVPKEIPLDEAALVEPLSVTWHAVKISGFKKGSSALVLGAGPIGLCTILVLKGMGASKIVVSEVAERRIEMAKKLGAEVFNPSKHGHKSIEILRGLTKSHDGFDYSYDCSGIQVTFETSLKALTFKGTATNIAVWGPKPVPFQPMDVTLQEKVMTGSIGYVVEDFEEVVRAIHNGDIAMEDCKQLITGKQRIEDGWEKGFQELMDHKESNVKILLTPNNHGEMK,11.705,saccharomyces cerevisiae
11,CC=O,MRALAYFGKGNIRFTNHLKEPHIVAPDELVIDIAWCGICGTDLHEYTDGPIFFPEDGHTHEISHNPLPQAMGHEMAGTVLEVGPGVKNLKVGDKVIVEPTGTCRDRYRWPLSPNVDKEWCAACKKGYYNICSYLGLCGAGVQSGGFAERVVMNESHCYKVPDFVPLDVAALIQPLAVCWHAIRVCEFKAGSTALIIGAGPIGLGTILALNAAGCKDIVVSEPAKVRRELAEKMGARVYDPTAHAAKESIDYLRSIADGGDGFDYTFDCSGLEVTLNAAIQCLTFRGTAVNLAMWGHHKIQFSPMDITLHERKYTGSMCYTHHDFEAVIEALEEGRIDIDRARHMITGRVNIEDGLDGAIMKLINEKESAIKIILTPNNHGELNREADNEKKEISELSSRKDQERLRESINEAKLRHT,11.705,saccharomyces cerevisiae
12,CC(=O)C(=O)O,MTAAHPVAQLTAEAYPKVKRNPNFKVLDSEDLAYFRSILSNDEILNSQAPEELASFNQDWMKKYRGQSNLILLPNSTDKVSKIMKYCNDKKLAVVPQGGNTDLVGASVPVFDEIVLSLRNMNKVRDFDPVSGTFKCDAGVVMRDAHQFLHDHDHIFPLDLPSRNNCQVGGVVSTNAGGLNFLRYGSLHGNVLGLEVVLPNGEIISNINALRKDNTGYDLKQLFIGAEGTIGVVTGVSIVAAAKPKALNAVFFGIENFDTVQKLFVKAKSELSEILSAFEFMDRGSIECTIEYLKDLPFPLENQHNFYVLIETSGSNKRHDDEKLTAFLKDTTDSKLISEGMMAKDKADFDRLWTWRKSVPTACNSYGGMYKYDMSLQLKDLYSVSAAVTERLNAAGLIGDAPKPVVKSCGYGHVGDGNIHLNIAVREFTKQIEDLLEPFVYEYIASKKGSISAEHGIGFHKKGKLHYTRSDIEIRFMKDIKNHYDPNGILNPYKYI,12.0,saccharomyces cerevisiae
13,O=C(O)CC[C@@H](O)C(=O)O,MTAAHPVAQLTAEAYPKVKRNPNFKVLDSEDLAYFRSILSNDEILNSQAPEELASFNQDWMKKYRGQSNLILLPNSTDKVSKIMKYCNDKKLAVVPQGGNTDLVGASVPVFDEIVLSLRNMNKVRDFDPVSGTFKCDAGVVMRDAHQFLHDHDHIFPLDLPSRNNCQVGGVVSTNAGGLNFLRYGSLHGNVLGLEVVLPNGEIISNINALRKDNTGYDLKQLFIGAEGTIGVVTGVSIVAAAKPKALNAVFFGIENFDTVQKLFVKAKSELSEILSAFEFMDRGSIECTIEYLKDLPFPLENQHNFYVLIETSGSNKRHDDEKLTAFLKDTTDSKLISEGMMAKDKADFDRLWTWRKSVPTACNSYGGMYKYDMSLQLKDLYSVSAAVTERLNAAGLIGDAPKPVVKSCGYGHVGDGNIHLNIAVREFTKQIEDLLEPFVYEYIASKKGSISAEHGIGFHKKGKLHYTRSDIEIRFMKDIKNHYDPNGILNPYKYI,36.0,saccharomyces cerevisiae
14,O=C(O)C1CCC=N1,MLSARCLKSIYFKRSFSQLGHIKPPKHIRNEPVKPFRNIDLKDWDLLRASLMKFKSSSLEVPLVINGERIYDNNERALFPQTNPANHQQVLANVTQATEKDVMNAVKAAKDAKKDWYNLPFYDRSAIFLKAADLISTKYRYDMLAATMLGQGKNVYQAEIDCITELSDFFRYYVKYASDLYAQQPVESADGTWNKAEYRPLEGFVYAVSPFNFTAIAANLIGAPALMGNTVVWKPSQTAALSNYLLMTVLEEAGLPKGVINFIPGDPVQVTDQVLADKDFGALHFTGSTNVFKSLYGKIQSGVVEGKYRDYPRIIGETGGKNFHLVHPSANISHAVLSTIRGTFEFQGQKCSAASRLYLPESKSEEFLSDMFGILQSQNVVPMNTSASPISGGNLRGFMGPVIHEQSFDKLVKVIEDAKKDPELEILYGGQYDKSQGWFVGPTVIKAKRPDHPYMSTEFFGPILTVYEYPDTEFNEICDIIDNTSQYALTGAIFAKDRKAIEYADEKLKFSAGNFYINDKCTGAVVSQQWFGGARMSGTDDKAGGPNILSRFVSIRNTKENFYELTDFKYPSNYE,14.0,saccharomyces cerevisiae
15,O=C(O)CCCCC(=O)O,MTNEKVWIEKLDNPTLSVLPHDFLRPQQEPYTKQATYSLQLPQLDVPHDSFSNKYAVALSVWAALIYRVTGDDDIVLYIANNKILRFNIQPTWSFNELYSTINNELNKLNSIEANFSFDELAEKIQSCQDLERTPQLFRLAFLENQDFKLDEFKHHLVDFALNLDTSNNAHVLNLIYNSLLYSNERVTIVADQFTQYLTAALSDPSNCITKISLITASSKDSLPDPTKNLGWCDFVGCIHDIFQDNAEAFPERTCVVETPTLNSDKSRSFTYRDINRTSNIVAHYLIKTGIKRGDVVMIYSSRGVDLMVCVMGVLKAGATFSVIDPAYPPARQTIYLGVAKPRGLIVIRAAGQLDQLVEDYINDELEIVSRINSIAIQENGTIEGGKLDNGEDVLAPYDHYKDTRTGVVVGPDSNPTLSFTSGSEGIPKGVLGRHFSLAYYFNWMSKRFNLTENDKFTMLSGIAHDPIQRDMFTPLFLGAQLYVPTQDDIGTPGRLAEWMSKYGCTVTHLTPAMGQLLTAQATTPFPKLHHAFFVGDILTKRDCLRLQTLAENCRIVNMYGTTETQRAVSYFEVKSKNDDPNFLKKLKDVMPAGKGMLNVQLLVVNRNDRTQICGIGEIGEIYVRAGGLAEGYRGLPELNKEKFVNNWFVEKDHWNYLDKDNGEPWRQFWLGPRDRLYRTGDLGRYLPNGDCECCGRADDQVKIRGFRIELGEIDTHISQHPLVRENITLVRKNADNEPTLITFMVPRFDKPDDLSKFQSDVPKEVETDPIVKGLIGYHLLSKDIRTFLKKRLASYAMPSLIVVMDKLPLNPNGKVDKPKLQFPTPKQLNLVAENTVSETDDSQFTNVEREVRDLWLSILPTKPASVSPDDSFFDLGGHSILATKMIFTLKKKLQVDLPLGTIFKYPTIKAFAAEIDRIKSSGGSSQGEVVENVTANYAEDAKKLVETLPSSYPSREYFVEPNSAEGKTTINVFVTGVTGFLGSYILADLLGRSPKNYSFKVFAHVRAKDEEAAFARLQKAGITYGTWNEKFASNIKVVLGDLSKSQFGLSDEKWMDLANTVDIIIHNGALVHWVYPYAKLRDPNVISTINVMSLAAVGKPKFFDFVSSTSTLDTEYYFNLSDKLVSEGKPGILESDDLMNSASGLTGGYGQSKWAAEYIIRRAGERGLRGCIVRPGYVTGASANGSSNTDDFLLRFLKGSVQLGKIPDIENSVNMVPVDHVARVVVATSLNPPKENELAVAQVTGHPRILFKDYLYTLHDYGYDVEIESYSKWKKSLEASVIDRNEENALYPLLHMVLDNLPESTKAPELDDRNAVASLKKDTAWTGVDWSNGIGVTPEEVGIYIAFLNKVGFLPPPTHNDKLPLPSIELTQAQISLVASGAGARGSSAAA,0.0005,saccharomyces cerevisiae
16,N[C@H](CCCC(=O)O)C(=O)O,MTNEKVWIEKLDNPTLSVLPHDFLRPQQEPYTKQATYSLQLPQLDVPHDSFSNKYAVALSVWAALIYRVTGDDDIVLYIANNKILRFNIQPTWSFNELYSTINNELNKLNSIEANFSFDELAEKIQSCQDLERTPQLFRLAFLENQDFKLDEFKHHLVDFALNLDTSNNAHVLNLIYNSLLYSNERVTIVADQFTQYLTAALSDPSNCITKISLITASSKDSLPDPTKNLGWCDFVGCIHDIFQDNAEAFPERTCVVETPTLNSDKSRSFTYRDINRTSNIVAHYLIKTGIKRGDVVMIYSSRGVDLMVCVMGVLKAGATFSVIDPAYPPARQTIYLGVAKPRGLIVIRAAGQLDQLVEDYINDELEIVSRINSIAIQENGTIEGGKLDNGEDVLAPYDHYKDTRTGVVVGPDSNPTLSFTSGSEGIPKGVLGRHFSLAYYFNWMSKRFNLTENDKFTMLSGIAHDPIQRDMFTPLFLGAQLYVPTQDDIGTPGRLAEWMSKYGCTVTHLTPAMGQLLTAQATTPFPKLHHAFFVGDILTKRDCLRLQTLAENCRIVNMYGTTETQRAVSYFEVKSKNDDPNFLKKLKDVMPAGKGMLNVQLLVVNRNDRTQICGIGEIGEIYVRAGGLAEGYRGLPELNKEKFVNNWFVEKDHWNYLDKDNGEPWRQFWLGPRDRLYRTGDLGRYLPNGDCECCGRADDQVKIRGFRIELGEIDTHISQHPLVRENITLVRKNADNEPTLITFMVPRFDKPDDLSKFQSDVPKEVETDPIVKGLIGYHLLSKDIRTFLKKRLASYAMPSLIVVMDKLPLNPNGKVDKPKLQFPTPKQLNLVAENTVSETDDSQFTNVEREVRDLWLSILPTKPASVSPDDSFFDLGGHSILATKMIFTLKKKLQVDLPLGTIFKYPTIKAFAAEIDRIKSSGGSSQGEVVENVTANYAEDAKKLVETLPSSYPSREYFVEPNSAEGKTTINVFVTGVTGFLGSYILADLLGRSPKNYSFKVFAHVRAKDEEAAFARLQKAGITYGTWNEKFASNIKVVLGDLSKSQFGLSDEKWMDLANTVDIIIHNGALVHWVYPYAKLRDPNVISTINVMSLAAVGKPKFFDFVSSTSTLDTEYYFNLSDKLVSEGKPGILESDDLMNSASGLTGGYGQSKWAAEYIIRRAGERGLRGCIVRPGYVTGASANGSSNTDDFLLRFLKGSVQLGKIPDIENSVNMVPVDHVARVVVATSLNPPKENELAVAQVTGHPRILFKDYLYTLHDYGYDVEIESYSKWKKSLEASVIDRNEENALYPLLHMVLDNLPESTKAPELDDRNAVASLKKDTAWTGVDWSNGIGVTPEEVGIYIAFLNKVGFLPPPTHNDKLPLPSIELTQAQISLVASGAGARGSSAAA,0.23,saccharomyces cerevisiae
17,N[C@@H](CSCC(=O)O)C(=O)O,MTNEKVWIEKLDNPTLSVLPHDFLRPQQEPYTKQATYSLQLPQLDVPHDSFSNKYAVALSVWAALIYRVTGDDDIVLYIANNKILRFNIQPTWSFNELYSTINNELNKLNSIEANFSFDELAEKIQSCQDLERTPQLFRLAFLENQDFKLDEFKHHLVDFALNLDTSNNAHVLNLIYNSLLYSNERVTIVADQFTQYLTAALSDPSNCITKISLITASSKDSLPDPTKNLGWCDFVGCIHDIFQDNAEAFPERTCVVETPTLNSDKSRSFTYRDINRTSNIVAHYLIKTGIKRGDVVMIYSSRGVDLMVCVMGVLKAGATFSVIDPAYPPARQTIYLGVAKPRGLIVIRAAGQLDQLVEDYINDELEIVSRINSIAIQENGTIEGGKLDNGEDVLAPYDHYKDTRTGVVVGPDSNPTLSFTSGSEGIPKGVLGRHFSLAYYFNWMSKRFNLTENDKFTMLSGIAHDPIQRDMFTPLFLGAQLYVPTQDDIGTPGRLAEWMSKYGCTVTHLTPAMGQLLTAQATTPFPKLHHAFFVGDILTKRDCLRLQTLAENCRIVNMYGTTETQRAVSYFEVKSKNDDPNFLKKLKDVMPAGKGMLNVQLLVVNRNDRTQICGIGEIGEIYVRAGGLAEGYRGLPELNKEKFVNNWFVEKDHWNYLDKDNGEPWRQFWLGPRDRLYRTGDLGRYLPNGDCECCGRADDQVKIRGFRIELGEIDTHISQHPLVRENITLVRKNADNEPTLITFMVPRFDKPDDLSKFQSDVPKEVETDPIVKGLIGYHLLSKDIRTFLKKRLASYAMPSLIVVMDKLPLNPNGKVDKPKLQFPTPKQLNLVAENTVSETDDSQFTNVEREVRDLWLSILPTKPASVSPDDSFFDLGGHSILATKMIFTLKKKLQVDLPLGTIFKYPTIKAFAAEIDRIKSSGGSSQGEVVENVTANYAEDAKKLVETLPSSYPSREYFVEPNSAEGKTTINVFVTGVTGFLGSYILADLLGRSPKNYSFKVFAHVRAKDEEAAFARLQKAGITYGTWNEKFASNIKVVLGDLSKSQFGLSDEKWMDLANTVDIIIHNGALVHWVYPYAKLRDPNVISTINVMSLAAVGKPKFFDFVSSTSTLDTEYYFNLSDKLVSEGKPGILESDDLMNSASGLTGGYGQSKWAAEYIIRRAGERGLRGCIVRPGYVTGASANGSSNTDDFLLRFLKGSVQLGKIPDIENSVNMVPVDHVARVVVATSLNPPKENELAVAQVTGHPRILFKDYLYTLHDYGYDVEIESYSKWKKSLEASVIDRNEENALYPLLHMVLDNLPESTKAPELDDRNAVASLKKDTAWTGVDWSNGIGVTPEEVGIYIAFLNKVGFLPPPTHNDKLPLPSIELTQAQISLVASGAGARGSSAAA,14.0,saccharomyces cerevisiae
18,N[C@@H](CCCC(=O)O)C(=O)O,MTNEKVWIEKLDNPTLSVLPHDFLRPQQEPYTKQATYSLQLPQLDVPHDSFSNKYAVALSVWAALIYRVTGDDDIVLYIANNKILRFNIQPTWSFNELYSTINNELNKLNSIEANFSFDELAEKIQSCQDLERTPQLFRLAFLENQDFKLDEFKHHLVDFALNLDTSNNAHVLNLIYNSLLYSNERVTIVADQFTQYLTAALSDPSNCITKISLITASSKDSLPDPTKNLGWCDFVGCIHDIFQDNAEAFPERTCVVETPTLNSDKSRSFTYRDINRTSNIVAHYLIKTGIKRGDVVMIYSSRGVDLMVCVMGVLKAGATFSVIDPAYPPARQTIYLGVAKPRGLIVIRAAGQLDQLVEDYINDELEIVSRINSIAIQENGTIEGGKLDNGEDVLAPYDHYKDTRTGVVVGPDSNPTLSFTSGSEGIPKGVLGRHFSLAYYFNWMSKRFNLTENDKFTMLSGIAHDPIQRDMFTPLFLGAQLYVPTQDDIGTPGRLAEWMSKYGCTVTHLTPAMGQLLTAQATTPFPKLHHAFFVGDILTKRDCLRLQTLAENCRIVNMYGTTETQRAVSYFEVKSKNDDPNFLKKLKDVMPAGKGMLNVQLLVVNRNDRTQICGIGEIGEIYVRAGGLAEGYRGLPELNKEKFVNNWFVEKDHWNYLDKDNGEPWRQFWLGPRDRLYRTGDLGRYLPNGDCECCGRADDQVKIRGFRIELGEIDTHISQHPLVRENITLVRKNADNEPTLITFMVPRFDKPDDLSKFQSDVPKEVETDPIVKGLIGYHLLSKDIRTFLKKRLASYAMPSLIVVMDKLPLNPNGKVDKPKLQFPTPKQLNLVAENTVSETDDSQFTNVEREVRDLWLSILPTKPASVSPDDSFFDLGGHSILATKMIFTLKKKLQVDLPLGTIFKYPTIKAFAAEIDRIKSSGGSSQGEVVENVTANYAEDAKKLVETLPSSYPSREYFVEPNSAEGKTTINVFVTGVTGFLGSYILADLLGRSPKNYSFKVFAHVRAKDEEAAFARLQKAGITYGTWNEKFASNIKVVLGDLSKSQFGLSDEKWMDLANTVDIIIHNGALVHWVYPYAKLRDPNVISTINVMSLAAVGKPKFFDFVSSTSTLDTEYYFNLSDKLVSEGKPGILESDDLMNSASGLTGGYGQSKWAAEYIIRRAGERGLRGCIVRPGYVTGASANGSSNTDDFLLRFLKGSVQLGKIPDIENSVNMVPVDHVARVVVATSLNPPKENELAVAQVTGHPRILFKDYLYTLHDYGYDVEIESYSKWKKSLEASVIDRNEENALYPLLHMVLDNLPESTKAPELDDRNAVASLKKDTAWTGVDWSNGIGVTPEEVGIYIAFLNKVGFLPPPTHNDKLPLPSIELTQAQISLVASGAGARGSSAAA,88.3,saccharomyces cerevisiae
19,NCCCNCCCCNCCCN,MNTVSPAKKKVIIIGAGIAGLKAASTLHQNGIQDCLVLEARDRVGGRLQTVTGYQGRKYDIGASWHHDTLTNPLFLEEAQLSLNDGRTRFVFDDDNFIYIDEERGRVDHDKELLLEIVDNEMSKFAELEFHQHLGVSDCSFFQLVMKYLLQRRQFLTNDQIRYLPQLCRYLELWHGLDWKLLSAKDTYFGHQGRNAFALNYDSVVQRIAQSFPQNWLKLSCEVKSITREPSKNVTVNCEDGTVYNADYVIITVPQSVLNLSVQPEKNLRGRIEFQPPLKPVIQDAFDKIHFGALGKVIFEFEECCWSNESSKIVTLANSTNEFVEIVRNAENLDELDSMLEREDSQKHTSVTCWSQPLFFVNLSKSTGVASFMMLMQAPLTNHIESIREDKERLFSFFQPVLNKIMKCLDSEDVIDGMRPIENIANANKPVLRNIIVSNWTRDPYSRGAYSACFPGDDPVDMVVAMSNGQDSRIRFAGEHTIMDGAGCAYGAWESGRREATRISDLLK,124.200005,saccharomyces cerevisiae
20,CC(=O)NCCCNCCCCNCCCN,MNTVSPAKKKVIIIGAGIAGLKAASTLHQNGIQDCLVLEARDRVGGRLQTVTGYQGRKYDIGASWHHDTLTNPLFLEEAQLSLNDGRTRFVFDDDNFIYIDEERGRVDHDKELLLEIVDNEMSKFAELEFHQHLGVSDCSFFQLVMKYLLQRRQFLTNDQIRYLPQLCRYLELWHGLDWKLLSAKDTYFGHQGRNAFALNYDSVVQRIAQSFPQNWLKLSCEVKSITREPSKNVTVNCEDGTVYNADYVIITVPQSVLNLSVQPEKNLRGRIEFQPPLKPVIQDAFDKIHFGALGKVIFEFEECCWSNESSKIVTLANSTNEFVEIVRNAENLDELDSMLEREDSQKHTSVTCWSQPLFFVNLSKSTGVASFMMLMQAPLTNHIESIREDKERLFSFFQPVLNKIMKCLDSEDVIDGMRPIENIANANKPVLRNIIVSNWTRDPYSRGAYSACFPGDDPVDMVVAMSNGQDSRIRFAGEHTIMDGAGCAYGAWESGRREATRISDLLK,599.3333,saccharomyces cerevisiae
21,O=O,MNTVSPAKKKVIIIGAGIAGLKAASTLHQNGIQDCLVLEARDRVGGRLQTVTGYQGRKYDIGASWHHDTLTNPLFLEEAQLSLNDGRTRFVFDDDNFIYIDEERGRVDHDKELLLEIVDNEMSKFAELEFHQHLGVSDCSFFQLVMKYLLQRRQFLTNDQIRYLPQLCRYLELWHGLDWKLLSAKDTYFGHQGRNAFALNYDSVVQRIAQSFPQNWLKLSCEVKSITREPSKNVTVNCEDGTVYNADYVIITVPQSVLNLSVQPEKNLRGRIEFQPPLKPVIQDAFDKIHFGALGKVIFEFEECCWSNESSKIVTLANSTNEFVEIVRNAENLDELDSMLEREDSQKHTSVTCWSQPLFFVNLSKSTGVASFMMLMQAPLTNHIESIREDKERLFSFFQPVLNKIMKCLDSEDVIDGMRPIENIANANKPVLRNIIVSNWTRDPYSRGAYSACFPGDDPVDMVVAMSNGQDSRIRFAGEHTIMDGAGCAYGAWESGRREATRISDLLK,287.0,saccharomyces cerevisiae
22,CC(=O)SCCNC(=O)CCNC(=O)[C@H](O)C(C)(C)COP(=O)(O)OP(=O)(O)OC[C@H]1O[C@@H](n2cnc3c(N)ncnc32)[C@H](O)[C@@H]1OP(=O)(O)O,MDAESIEWKLTANLRNGPTFFQPLADSIEPLQFKLIGSDTVATAFPVFDTKYIPDSLINYLFKLFNLEIESGKTYPQLHSLTKQGFLNYWFHSFAVVVLQTDEKFIQDNQDWNSVLLGTFYIKPNYAPRCSHNCNAGFLVNGAHRGQKVGYRLAQVYLNWAPLLGYKYSIFNLVFVTNQASWKIWDKLNFQRIGLVPHAGILNGFSEPVDAIIYGKDLTKIEPEFLSME,554.9657,saccharomyces cerevisiae
23,O=C(O)[C@@H]1CCN1,MDAESIEWKLTANLRNGPTFFQPLADSIEPLQFKLIGSDTVATAFPVFDTKYIPDSLINYLFKLFNLEIESGKTYPQLHSLTKQGFLNYWFHSFAVVVLQTDEKFIQDNQDWNSVLLGTFYIKPNYAPRCSHNCNAGFLVNGAHRGQKVGYRLAQVYLNWAPLLGYKYSIFNLVFVTNQASWKIWDKLNFQRIGLVPHAGILNGFSEPVDAIIYGKDLTKIEPEFLSME,7.158493,saccharomyces cerevisiae
24,O=C(O)C1CCN1,MDAESIEWKLTANLRNGPTFFQPLADSIEPLQFKLIGSDTVATAFPVFDTKYIPDSLINYLFKLFNLEIESGKTYPQLHSLTKQGFLNYWFHSFAVVVLQTDEKFIQDNQDWNSVLLGTFYIKPNYAPRCSHNCNAGFLVNGAHRGQKVGYRLAQVYLNWAPLLGYKYSIFNLVFVTNQASWKIWDKLNFQRIGLVPHAGILNGFSEPVDAIIYGKDLTKIEPEFLSME,22.32,saccharomyces cerevisiae
25,O=C(O)[C@@H]1C[C@H](O)CN1,MDAESIEWKLTANLRNGPTFFQPLADSIEPLQFKLIGSDTVATAFPVFDTKYIPDSLINYLFKLFNLEIESGKTYPQLHSLTKQGFLNYWFHSFAVVVLQTDEKFIQDNQDWNSVLLGTFYIKPNYAPRCSHNCNAGFLVNGAHRGQKVGYRLAQVYLNWAPLLGYKYSIFNLVFVTNQASWKIWDKLNFQRIGLVPHAGILNGFSEPVDAIIYGKDLTKIEPEFLSME,13.66,saccharomyces cerevisiae
26,O=C([O-])C1CCC=N1,MDAESIEWKLTANLRNGPTFFQPLADSIEPLQFKLIGSDTVATAFPVFDTKYIPDSLINYLFKLFNLEIESGKTYPQLHSLTKQGFLNYWFHSFAVVVLQTDEKFIQDNQDWNSVLLGTFYIKPNYAPRCSHNCNAGFLVNGAHRGQKVGYRLAQVYLNWAPLLGYKYSIFNLVFVTNQASWKIWDKLNFQRIGLVPHAGILNGFSEPVDAIIYGKDLTKIEPEFLSME,17.2,saccharomyces cerevisiae
27,CC(=O)SCCNC(=O)CCNC(=O)[C@H](O)C(C)(C)COP(=O)(O)OP(=O)(O)OC[C@H]1O[C@@H](n2cnc3c(N)ncnc32)[C@H](O)[C@@H]1OP(=O)(O)O,MSLNDFLSSVLPVSEQFEYLSLQSIPLETHAVVTPNKDDKRVPKSTIKTQHFFSLFHQGKVFFSLEVYVYVTLWDEADAERLIFVSKADTNGYCNTRVSVRDITKIILEFILSIDPNYYLQKVKPAIRSYKKISPELISAASTPARTLRILARRLKQSGSTVLKEIESPRFQQDLYLSFTCPREILTKICLFTRPASQYLFPDSSKNSKKHILNGEELMKWWGFILDRLLIECFQNDTQAKLRIPGEDPARVRSYLRGMKYPLWQVGDIFTSKENSLAVYNIPLFPDDPKARFIHQLAEEDRLLKVSLSSFWIELQERQEFKLSVTSSVMGISGYSLATPSLFPSSADVIVPKSRKQFRAIKKYITGEEYDTEEGAIEAFTNIRDFLLLRMATNLQSLTGKREHRERNQPVPASNINTLAITMLKPRKKAKALPKT,101.90625,saccharomyces cerevisiae
28,NC(=O)c1ccc[n+]([C@@H]2O[C@H](COP(=O)(O)OP(=O)(O)OC[C@H]3O[C@@H](n4cnc5c(N)ncnc54)[C@H](O)[C@@H]3O)[C@@H](O)[C@H]2O)c1,MFVRVKLNKPVKWYRFYSTLDSHSLKLQSGSKFVKIKPVNNLRSSSSADFVSPPNSKLQSLIWQNPLQNVYITKKPWTPSTREAMVEFITHLHESYPEVNVIVQPDVAEEISQDFKSPLENDPNRPHILYTGPEQDIVNRTDLLVTLGGDGTILHGVSMFGNTQVPPVLAFALGTLGFLSPFDFKEHKKVFQEVISSRAKCLHRTRLECHLKKKDSNSSIVTHAMNDIFLHRGNSPHLTNLDIFIDGEFLTRTTADGVALATPTGSTAYSLSAGGSIVSPLVPAILMTPICPRSLSFRPLILPHSSHIRIKIGSKLNQKPVNSVVKLSVDGIPQQDLDVGDEIYVINEVGTIYIDGTQLPTTRKTENDFNNSKKPKRSGIYCVAKTENDWIRGINELLGFNSSFRLTKRQTDND,3.2,saccharomyces cerevisiae
29,NC(=O)C1=CN([C@@H]2O[C@H](COP(=O)(O)OP(=O)(O)OC[C@H]3O[C@@H](n4cnc5c(N)ncnc54)[C@H](O)[C@@H]3O)[C@@H](O)[C@H]2O)C=CC1,MFVRVKLNKPVKWYRFYSTLDSHSLKLQSGSKFVKIKPVNNLRSSSSADFVSPPNSKLQSLIWQNPLQNVYITKKPWTPSTREAMVEFITHLHESYPEVNVIVQPDVAEEISQDFKSPLENDPNRPHILYTGPEQDIVNRTDLLVTLGGDGTILHGVSMFGNTQVPPVLAFALGTLGFLSPFDFKEHKKVFQEVISSRAKCLHRTRLECHLKKKDSNSSIVTHAMNDIFLHRGNSPHLTNLDIFIDGEFLTRTTADGVALATPTGSTAYSLSAGGSIVSPLVPAILMTPICPRSLSFRPLILPHSSHIRIKIGSKLNQKPVNSVVKLSVDGIPQQDLDVGDEIYVINEVGTIYIDGTQLPTTRKTENDFNNSKKPKRSGIYCVAKTENDWIRGINELLGFNSSFRLTKRQTDND,163.0,saccharomyces cerevisiae
30,N[C@@H](CCC(=O)N[C@@H](CSC(=O)[C@H](O)c1ccccc1)C(=O)NCC(=O)O)C(=O)O,MKFLLQQIRNMHVKPIKMRWLTGGVNYSYLLSTEDRRNSWLIDPAEPLEVSPKLSAEEKKSIDAIVNTHHHYDHSGGNLALYSILCQENSGHDIKIIGGSKSSPGVTEVPDNLQQYHLGNLRVTCIRTPCHTKDSICYYIKDLETGEQCIFTGDTLFIAGCGRFFEGTGRDMDMALNQIMLRAVGETNWNKVKIYPGHEYTKGNVSFIRAKIYSDIGQNKEFDALEQYCKSNECTTGHFTLRDELGYNPFMRLDDRAVRLAVGDTAGTYPRSVVMQELRKLKNAM,1455.0,saccharomyces cerevisiae
31,C[C@@H](O)C(=O)SC[C@H](NC(=O)CC[C@H](N)C(=O)O)C(=O)NCC(=O)O,MKFLLQQIRNMHVKPIKMRWLTGGVNYSYLLSTEDRRNSWLIDPAEPLEVSPKLSAEEKKSIDAIVNTHHHYDHSGGNLALYSILCQENSGHDIKIIGGSKSSPGVTEVPDNLQQYHLGNLRVTCIRTPCHTKDSICYYIKDLETGEQCIFTGDTLFIAGCGRFFEGTGRDMDMALNQIMLRAVGETNWNKVKIYPGHEYTKGNVSFIRAKIYSDIGQNKEFDALEQYCKSNECTTGHFTLRDELGYNPFMRLDDRAVRLAVGDTAGTYPRSVVMQELRKLKNAM,9350.0,saccharomyces cerevisiae
32,O=P(O)(O)OC[C@H]1O[C@](O)(COP(=O)(O)O)[C@@H](O)[C@@H]1O,MPSLTPRCIIVRHGQTEWSKSGQYTGLTDLPLTPYGEGQMLRTGESVFRNNQFLNPDNITYIFTSPRLRARQTVDLVLKPLSDEQRAKIRVVVDDDLREWEYGDYEGMLTREIIELRKSRGLDKERPWNIWRDGCENGETTQQIGLRLSRAIARIQNLHRKHQSEGRASDIMVFAHGHALRYFAAIWFGLGVQKKCETIEEIQNVKSYDDDTVPYVKLESYRHLVDNPCFLLDAGGIGVLSYAHHNIDEPALELAGPFVSPPEEESQHGDV,5264.0,saccharomyces cerevisiae
33,Nc1ncnc2c1ncn2[C@@H]1O[C@H](COP(=O)(O)OP(=O)(O)OC[C@H]2O[C@@H](OP(=O)(O)O)[C@H](O)[C@@H]2O)[C@@H](O)[C@H]1O,MSNITYVKGNILKPKSYARILIHSCNCNGSWGGGIAYQLALRYPKAEKDYVEVCEKYGSNLLGKCILLPSYENSDLLICCLFTSSFGGSSHGEKQSILNYTKLALDKLKTFREAKDKTRTSEDSIGDYLNGHIKYPIGEYKLEMPQINSGIFGVPWKETERVLEEFSGDMSFTVYQL,10.0,saccharomyces cerevisiae
34,O=[N+]([O-])c1ccc(OP(=O)(O)O)cc1,MTAVNIWKPEDNIPREILAILSKPHPNYQLAFLNIIQLLKTQRRTGWVDHGIDPCESISDHMYRMGLTTMLITDKNVDRNKCIRIALVHDFAESLVGDITPNDPMTKEEKHRREFETVKYLCESIIRPCSESASREILDDWLAYEKQTCLEGRYVKDIDKYEMLVQCFEYEQKYNGKKDLKQFLGAINDIKTDEVKKWTQSLLEDRQAFFDSLKE,0.64,saccharomyces cerevisiae
35,Nc1ccn([C@H]2C[C@H](O)[C@@H](COP(=O)(O)O)O2)c(=O)n1,MTAVNIWKPEDNIPREILAILSKPHPNYQLAFLNIIQLLKTQRRTGWVDHGIDPCESISDHMYRMGLTTMLITDKNVDRNKCIRIALVHDFAESLVGDITPNDPMTKEEKHRREFETVKYLCESIIRPCSESASREILDDWLAYEKQTCLEGRYVKDIDKYEMLVQCFEYEQKYNGKKDLKQFLGAINDIKTDEVKKWTQSLLEDRQAFFDSLKE,0.78,saccharomyces cerevisiae
36,Nc1ncnc2c1ncn2[C@H]1C[C@H](O)[C@@H](COP(=O)(O)O)O1,MTAVNIWKPEDNIPREILAILSKPHPNYQLAFLNIIQLLKTQRRTGWVDHGIDPCESISDHMYRMGLTTMLITDKNVDRNKCIRIALVHDFAESLVGDITPNDPMTKEEKHRREFETVKYLCESIIRPCSESASREILDDWLAYEKQTCLEGRYVKDIDKYEMLVQCFEYEQKYNGKKDLKQFLGAINDIKTDEVKKWTQSLLEDRQAFFDSLKE,3.12,saccharomyces cerevisiae
37,Cc1cn([C@H]2C[C@H](O)[C@@H](COP(=O)(O)O)O2)c(=O)[nH]c1=O,MTAVNIWKPEDNIPREILAILSKPHPNYQLAFLNIIQLLKTQRRTGWVDHGIDPCESISDHMYRMGLTTMLITDKNVDRNKCIRIALVHDFAESLVGDITPNDPMTKEEKHRREFETVKYLCESIIRPCSESASREILDDWLAYEKQTCLEGRYVKDIDKYEMLVQCFEYEQKYNGKKDLKQFLGAINDIKTDEVKKWTQSLLEDRQAFFDSLKE,4.78,saccharomyces cerevisiae
38,Nc1nc2c(ncn2[C@H]2C[C@H](O)[C@@H](COP(=O)(O)O)O2)c(=O)[nH]1,MTAVNIWKPEDNIPREILAILSKPHPNYQLAFLNIIQLLKTQRRTGWVDHGIDPCESISDHMYRMGLTTMLITDKNVDRNKCIRIALVHDFAESLVGDITPNDPMTKEEKHRREFETVKYLCESIIRPCSESASREILDDWLAYEKQTCLEGRYVKDIDKYEMLVQCFEYEQKYNGKKDLKQFLGAINDIKTDEVKKWTQSLLEDRQAFFDSLKE,6.67,saccharomyces cerevisiae
39,Cc1cn([C@@H]2O[C@H](COP(=O)(O)O[C@H]3[C@@H](O)[C@H](n4ccc(N)nc4=O)O[C@@H]3COP(=O)(O)O[C@H]3[C@@H](O)[C@H](n4cnc5c(N)ncnc54)O[C@@H]3COP(=O)(O)O[C@H]3[C@@H](O)[C@H](n4cnc5c(=O)[nH]c(N)nc54)O[C@@H]3COP(=O)(O)O[C@H]3[C@@H](O)[C@H](n4cnc5c(N)ncnc54)O[C@@H]3COP(=O)(O)O[C@H]3[C@@H](O)[C@H](n4cnc5c(N)ncnc54)O[C@@H]3COP(=O)(O)O[C@H]3[C@@H](O)[C@H](n4cnc5c(N)ncnc54)O[C@@H]3COP(=O)(O)O[C@H]3[C@@H](O)[C@H](n4cnc5c(N)ncnc54)O[C@@H]3COP(=O)(O)O[C@H]3[C@@H](O)[C@H](n4cc(C)c(=O)[nH]c4=O)O[C@@H]3COP(=O)(O)O[C@H]3[C@@H](O)[C@H](n4ccc(N)nc4=O)O[C@@H]3COP(=O)(O)O[C@H]3[C@@H](O)[C@H](n4cc(C)c(=O)[nH]c4=O)O[C@@H]3COP(=O)(O)O[C@H]3[C@@H](O)[C@H](n4cnc5c(N)ncnc54)O[C@@H]3COP(=O)(O)O[C@H]3[C@@H](O)[C@H](n4cnc5c(=O)[nH]c(N)nc54)O[C@@H]3COP(=O)(O)O)[C@@H](OP(=O)(O)OC[C@H]3O[C@@H](n4cc(C)c(=O)[nH]c4=O)[C@H](O)[C@@H]3OP(=O)(O)Oc3ccc(C[C@H](N)C(=O)O)cc3)[C@H]2O)c(=O)[nH]c1=O,MSRETNFNGTKRKRSDVAEKVAQRWKSVRYSAEMENMAPVNSNNDSDDCVIVSESKIIDLTNQEQDLSERIETNDTAKGAVFKLMKSDFYEREDFMGEVEDMITLKDIFGTETLKRSILFSFQYELDFLLRQFHQNVENITIVGQKGTIMPIEARAMDATLAVILKKVKLIEITMPPFASHHTKLIINFYDNGECKIFLPSNNFTSMETNLPQQVCWCSPLLKIGKEGLPVPFKRSLIEYLNSYHLKDIDELITKSVEEVNFAPLSELEFVYSTPSKFQSSGLLSFYNKLEKLSAGTSASDTAKHYLCQTSSIGTSLSRARDENLWTHLMIPLFTGIMSPPAKDTAGRKKAEILPTNSLINEYSQRKIKPYIIFPTEQEFVTSPLKWSSSGWFHFQYLQKKSYYEMLRNKFKVFYKQDPAMVTRRRGTTPAHSKFYMHCATNSAGPCDASQVFKELEWCLYTSANLSQTAWGTVSRKPRNYEAGVLYHSRRLANTRKVTCRTFTRDRRGCAGNPTHVAVPFTLPVIPYDLAEDECFCLARHEND,64.275,saccharomyces cerevisiae
40,Nc1nc2c(ncn2[C@@H]2O[C@@H]3COP(=O)(O)O[C@H]3[C@H]2O)c(=O)[nH]1,MVVFEITILGANGGPTEYGTQCFILKPARTEDPELIAVDGGAGMYQLREMLVQGRNENEGDDELVPSFYEHDREPIEFFIDSKLNIQKGLSKSLLQSLKRQGEHFESANTMKKTYEVFQGITDYYITHPHLDHISGLVVNSPSIYEQENSKKKTIWGLPHTIDVLQKHVFNDLIWPDLTAERSRKLKLKCLNPKEVQKCTIFPWDVIPFKVHHGIGVKTGAPVYSTFYIFRDRKSKDCIIVCGDVEQDRRESEESLLEEFWSYVAENIPLVHLKGILVECSCPLSSKPEQLYGHLSPIYLINELSNLNTLYNSSKGLSGLNVIVTHVKSTPAKRDPRLTILEELRFLAEERNLGDLRISIALEGHTLFL,104.6,saccharomyces cerevisiae
41,Nc1ncnc2c1ncn2[C@@H]1O[C@@H]2COP(=O)(O)O[C@H]2[C@H]1O,MVVFEITILGANGGPTEYGTQCFILKPARTEDPELIAVDGGAGMYQLREMLVQGRNENEGDDELVPSFYEHDREPIEFFIDSKLNIQKGLSKSLLQSLKRQGEHFESANTMKKTYEVFQGITDYYITHPHLDHISGLVVNSPSIYEQENSKKKTIWGLPHTIDVLQKHVFNDLIWPDLTAERSRKLKLKCLNPKEVQKCTIFPWDVIPFKVHHGIGVKTGAPVYSTFYIFRDRKSKDCIIVCGDVEQDRRESEESLLEEFWSYVAENIPLVHLKGILVECSCPLSSKPEQLYGHLSPIYLINELSNLNTLYNSSKGLSGLNVIVTHVKSTPAKRDPRLTILEELRFLAEERNLGDLRISIALEGHTLFL,152.0,saccharomyces cerevisiae
42,OC[C@H]1O[C@@](CO)(O[C@H]2O[C@H](CO)[C@@H](O)[C@H](O)[C@H]2O)[C@@H](O)[C@@H]1O,MTISSAHPETEPKWWKEATIYQIYPASFKDSNNDGWGDMKGIASKLEYIKELGTDAIWISPFYDSPQDDMGYDIANYEKVWPTYGTNEDCFALIEKTHKLGMKFITDLVINHCSSEHEWFKESRSSKTNPKRDWFFWRPPKGYDAEGKPIPPNNWRSYFGGSAWTFDEKTQEFYLRLFCSTQPDLNWENEDCRKAIYESAVGYWLDHGVDGFRIDVGSLYSKVAGLPDAPVIDENSKWQLSDPFTMNGPRIHEFHQEMNKFIRNRVKDGREIMTVGEMRHATDETKRLYTSASRHELSELFNFSHTDVGTSPKFRQNLIPYELKDWKVALAELFRYVNGTDCWSTIYLENHDQPRSITRFGDDSPKNRVISGKLLSVLLVSLSGTLYVYQGQELGEINFKNWPIEKYEDVEVRNNYDAIKEEHGENSKEMKRFLEAIALISRDHARTPMQWSREEPNAGFSGPNAKPWFYLNESFREGINAEDESKDPNSVLNFWKEALRFRKAHKDITVYGYDFEFIDLDNKKLFSFTKKYDNKTLFAALNFSSDSIDFTIPNNSSSFKLEFGNYPRSEVDASSRTLKPWEGRIYISE,0.2425,saccharomyces cerevisiae
43,OC[C@H]1O[C@@](CO)(O[C@H]2O[C@H](CO)[C@@H](O)[C@H](O)[C@H]2O)[C@@H](O)[C@@H]1O,MTIIHNPKWWKEATVYQIYPASFKDSNNDGWGDLAGITSKLDYVKELGVDAIWVCPFYDSPQEDMGYDIANYEKVWPRYGTNEDCFQMIEEAHKRGIKVIVDLVINHCSEEHEWFKESRSSKANPKRDWFFWRPPKGYDEKGNPIPPNNWRSFFGGSAWRYDEKTGEFFLHVFALGQPDFNWENEECRKAIYDSSVGYWLRHNVDGFRIDVGSMYSKVEGLPDAPITDPTVPYQKGTEFFINGPRIHEYHKEMHNYMLSQVPEGKEIMTVGEVGIGNEDDFRVYTSAKEGELNMMFNFKHTSVGENPKCKYELIPFTLKDFKLALAESFLFIENTDCWSTIYLENHDQPRSVSRFGSDSPKWREISSKMLATLIISLTGTVFIYQGQELGMPNFKNRKIEQIKCVEGTGTYAAIKRDYGEDSEKMKKFFEALALISRDHGRTPFPWSADEPSAGFSKDAKPWIDMNESFRDGINAEAELKDKNSVFFFWKKALQVRKEHKDILVYGHNFQFIDLDNDKLFMFTKDTDNKKMFAVFNFSSDNTDFSVPDNEASYTMFFGNYANSNGDSRTLQPWEGRLYLLK,0.2425,saccharomyces cerevisiae
44,OC[C@H]1O[C@@](CO)(O[C@H]2O[C@H](CO)[C@@H](O)[C@H](O)[C@H]2O)[C@@H](O)[C@@H]1O,MTISSAHPETEPKWWKEATFYQIYPASFKDSNDDGWGDMKGIASKLEYIKELGADAIWISPFYDSPQDDMGYDIANYEKVWPTYGTNEDCFALIEKTHKLGMKFITDLVINHCSSEHEWFKESRSSKTNPKRDWFFWRPPKGYDAEGKPIPPNNWKSYFGGSAWTFDEKTQEFYLRLFCSTQPDLNWENEDCRKAIYESAVGYWLDHGVDGFRIDVGSLYSKVVGLPDAPVVDKNSTWQSSDPYTLNGPRIHEFHQEMNQFIRNRVKDGREIMTVGEMQHASDETKRLYTSASRHELSELFNFSHTDVGTSPLFRYNLVPFELKDWKIALAELFRYINGTDCWSTIYLENHDQPRSITRFGDDSPKNRVISGKLLSVLLSALTGTLYVYQGQELGQINFKNWPVEKYEDVEIRNNYNAIKEEHGENSEEMKKFLEAIALISRDHARTPMQWSREEPNAGFSGPSAKPWFYLNDSFREGINVEDEIKDPNSVLNFWKEALKFRKAHKDITVYGYDFEFIDLDNKKLFSFTKKYNNKTLFAALNFSSDATDFKIPNDDSSFKLEFGNYPKKEVDASSRTLKPWEGRIYISE,0.2425,saccharomyces cerevisiae
45,OC[C@H]1O[C@@](CO)(O[C@H]2O[C@H](CO)[C@@H](O)[C@H](O)[C@H]2O)[C@@H](O)[C@@H]1O,MTISSAHPETEPKWWKEATIYQIYPASFKDSNNDGWGDMKGIASKLEYIKELGADAIWISPFYDSPQDDMGYDIANYEKVWPTYGTNEDCFALIEKTHKLGMKFITDLVINHCSSEHEWFKESRSSKTNPKRDWFFWRPPKGYDAEGKPIPPNNWRSYFGGSAWTFDEKTQEFYLRLFCSTQPDLNWENEDCRKAIYESAVGYWLDHGVDGFRIDVGSLYSKVAGLPDAPVIDENSKWQPSDPFTMNGPRIHEFHQEMNKFIRNRVKDGREIMTVGEMQHATDETKRLYTSASRHELSELFNFSHTDVGTSPKFRQNLIPYELKDWKVALAELFRYVNGTDCWSTIYLENHDQPRSITRFGDDSPKNRVISGKLLSVLLVSLSGTLYVYQGQELGEINFKNWPIEKYEDVEVRNNYDAIKEEHGENSKEMKRFLEAIALISRDHARTPMQWSREEPNAGFSGPNAKPWFYLNESFREGINAEDESKDPNSVLNFWKEALRFRKAHKDITVYGYDFEFIDLDNKKLFSFTKKYDNKTLFAALNFSSDSIDFTIPNNSSSFKLEFGNYPRSEVDASSRTLKPWEGRIYISE,0.2425,saccharomyces cerevisiae
46,OC[C@H]1O[C@H](OC[C@H]2O[C@H](O)[C@H](O)[C@@H](O)[C@@H]2O)[C@H](O)[C@@H](O)[C@@H]1O,MTISSAHPETEPKWWKEATIYQIYPASFKDSNNDGWGDMKGIASKLEYIKELGTDAIWISPFYDSPQDDMGYDIANYEKVWPTYGTNEDCFALIEKTHKLGMKFITDLVINHCSSEHEWFKESRSSKTNPKRDWFFWRPPKGYDAEGKPIPPNNWRSYFGGSAWTFDEKTQEFYLRLFCSTQPDLNWENEDCRKAIYESAVGYWLDHGVDGFRIDVGSLYSKVAGLPDAPVIDENSKWQLSDPFTMNGPRIHEFHQEMNKFIRNRVKDGREIMTVGEMRHATDETKRLYTSASRHELSELFNFSHTDVGTSPKFRQNLIPYELKDWKVALAELFRYVNGTDCWSTIYLENHDQPRSITRFGDDSPKNRVISGKLLSVLLVSLSGTLYVYQGQELGEINFKNWPIEKYEDVEVRNNYDAIKEEHGENSKEMKRFLEAIALISRDHARTPMQWSREEPNAGFSGPNAKPWFYLNESFREGINAEDESKDPNSVLNFWKEALRFRKAHKDITVYGYDFEFIDLDNKKLFSFTKKYDNKTLFAALNFSSDSIDFTIPNNSSSFKLEFGNYPRSEVDASSRTLKPWEGRIYISE,4.9275,saccharomyces cerevisiae
47,OC[C@H]1O[C@H](OC[C@H]2O[C@H](O)[C@H](O)[C@@H](O)[C@@H]2O)[C@H](O)[C@@H](O)[C@@H]1O,MTIIHNPKWWKEATVYQIYPASFKDSNNDGWGDLAGITSKLDYVKELGVDAIWVCPFYDSPQEDMGYDIANYEKVWPRYGTNEDCFQMIEEAHKRGIKVIVDLVINHCSEEHEWFKESRSSKANPKRDWFFWRPPKGYDEKGNPIPPNNWRSFFGGSAWRYDEKTGEFFLHVFALGQPDFNWENEECRKAIYDSSVGYWLRHNVDGFRIDVGSMYSKVEGLPDAPITDPTVPYQKGTEFFINGPRIHEYHKEMHNYMLSQVPEGKEIMTVGEVGIGNEDDFRVYTSAKEGELNMMFNFKHTSVGENPKCKYELIPFTLKDFKLALAESFLFIENTDCWSTIYLENHDQPRSVSRFGSDSPKWREISSKMLATLIISLTGTVFIYQGQELGMPNFKNRKIEQIKCVEGTGTYAAIKRDYGEDSEKMKKFFEALALISRDHGRTPFPWSADEPSAGFSKDAKPWIDMNESFRDGINAEAELKDKNSVFFFWKKALQVRKEHKDILVYGHNFQFIDLDNDKLFMFTKDTDNKKMFAVFNFSSDNTDFSVPDNEASYTMFFGNYANSNGDSRTLQPWEGRLYLLK,4.9275,saccharomyces cerevisiae
48,OC[C@H]1O[C@H](OC[C@H]2O[C@H](O)[C@H](O)[C@@H](O)[C@@H]2O)[C@H](O)[C@@H](O)[C@@H]1O,MTISSAHPETEPKWWKEATFYQIYPASFKDSNDDGWGDMKGIASKLEYIKELGADAIWISPFYDSPQDDMGYDIANYEKVWPTYGTNEDCFALIEKTHKLGMKFITDLVINHCSSEHEWFKESRSSKTNPKRDWFFWRPPKGYDAEGKPIPPNNWKSYFGGSAWTFDEKTQEFYLRLFCSTQPDLNWENEDCRKAIYESAVGYWLDHGVDGFRIDVGSLYSKVVGLPDAPVVDKNSTWQSSDPYTLNGPRIHEFHQEMNQFIRNRVKDGREIMTVGEMQHASDETKRLYTSASRHELSELFNFSHTDVGTSPLFRYNLVPFELKDWKIALAELFRYINGTDCWSTIYLENHDQPRSITRFGDDSPKNRVISGKLLSVLLSALTGTLYVYQGQELGQINFKNWPVEKYEDVEIRNNYNAIKEEHGENSEEMKKFLEAIALISRDHARTPMQWSREEPNAGFSGPSAKPWFYLNDSFREGINVEDEIKDPNSVLNFWKEALKFRKAHKDITVYGYDFEFIDLDNKKLFSFTKKYNNKTLFAALNFSSDATDFKIPNDDSSFKLEFGNYPKKEVDASSRTLKPWEGRIYISE,4.9275,saccharomyces cerevisiae
49,OC[C@H]1O[C@H](OC[C@H]2O[C@H](O)[C@H](O)[C@@H](O)[C@@H]2O)[C@H](O)[C@@H](O)[C@@H]1O,MTISSAHPETEPKWWKEATIYQIYPASFKDSNNDGWGDMKGIASKLEYIKELGADAIWISPFYDSPQDDMGYDIANYEKVWPTYGTNEDCFALIEKTHKLGMKFITDLVINHCSSEHEWFKESRSSKTNPKRDWFFWRPPKGYDAEGKPIPPNNWRSYFGGSAWTFDEKTQEFYLRLFCSTQPDLNWENEDCRKAIYESAVGYWLDHGVDGFRIDVGSLYSKVAGLPDAPVIDENSKWQPSDPFTMNGPRIHEFHQEMNKFIRNRVKDGREIMTVGEMQHATDETKRLYTSASRHELSELFNFSHTDVGTSPKFRQNLIPYELKDWKVALAELFRYVNGTDCWSTIYLENHDQPRSITRFGDDSPKNRVISGKLLSVLLVSLSGTLYVYQGQELGEINFKNWPIEKYEDVEVRNNYDAIKEEHGENSKEMKRFLEAIALISRDHARTPMQWSREEPNAGFSGPNAKPWFYLNESFREGINAEDESKDPNSVLNFWKEALRFRKAHKDITVYGYDFEFIDLDNKKLFSFTKKYDNKTLFAALNFSSDSIDFTIPNNSSSFKLEFGNYPRSEVDASSRTLKPWEGRIYISE,4.9275,saccharomyces cerevisiae
50,OC[C@H]1O[C@H](OC[C@H]2O[C@](O)(CO)[C@@H](O)[C@@H]2O)[C@H](O)[C@@H](O)[C@@H]1O,MTISSAHPETEPKWWKEATIYQIYPASFKDSNNDGWGDMKGIASKLEYIKELGTDAIWISPFYDSPQDDMGYDIANYEKVWPTYGTNEDCFALIEKTHKLGMKFITDLVINHCSSEHEWFKESRSSKTNPKRDWFFWRPPKGYDAEGKPIPPNNWRSYFGGSAWTFDEKTQEFYLRLFCSTQPDLNWENEDCRKAIYESAVGYWLDHGVDGFRIDVGSLYSKVAGLPDAPVIDENSKWQLSDPFTMNGPRIHEFHQEMNKFIRNRVKDGREIMTVGEMRHATDETKRLYTSASRHELSELFNFSHTDVGTSPKFRQNLIPYELKDWKVALAELFRYVNGTDCWSTIYLENHDQPRSITRFGDDSPKNRVISGKLLSVLLVSLSGTLYVYQGQELGEINFKNWPIEKYEDVEVRNNYDAIKEEHGENSKEMKRFLEAIALISRDHARTPMQWSREEPNAGFSGPNAKPWFYLNESFREGINAEDESKDPNSVLNFWKEALRFRKAHKDITVYGYDFEFIDLDNKKLFSFTKKYDNKTLFAALNFSSDSIDFTIPNNSSSFKLEFGNYPRSEVDASSRTLKPWEGRIYISE,4.875,saccharomyces cerevisiae
51,OC[C@H]1O[C@H](OC[C@H]2O[C@](O)(CO)[C@@H](O)[C@@H]2O)[C@H](O)[C@@H](O)[C@@H]1O,MTIIHNPKWWKEATVYQIYPASFKDSNNDGWGDLAGITSKLDYVKELGVDAIWVCPFYDSPQEDMGYDIANYEKVWPRYGTNEDCFQMIEEAHKRGIKVIVDLVINHCSEEHEWFKESRSSKANPKRDWFFWRPPKGYDEKGNPIPPNNWRSFFGGSAWRYDEKTGEFFLHVFALGQPDFNWENEECRKAIYDSSVGYWLRHNVDGFRIDVGSMYSKVEGLPDAPITDPTVPYQKGTEFFINGPRIHEYHKEMHNYMLSQVPEGKEIMTVGEVGIGNEDDFRVYTSAKEGELNMMFNFKHTSVGENPKCKYELIPFTLKDFKLALAESFLFIENTDCWSTIYLENHDQPRSVSRFGSDSPKWREISSKMLATLIISLTGTVFIYQGQELGMPNFKNRKIEQIKCVEGTGTYAAIKRDYGEDSEKMKKFFEALALISRDHGRTPFPWSADEPSAGFSKDAKPWIDMNESFRDGINAEAELKDKNSVFFFWKKALQVRKEHKDILVYGHNFQFIDLDNDKLFMFTKDTDNKKMFAVFNFSSDNTDFSVPDNEASYTMFFGNYANSNGDSRTLQPWEGRLYLLK,4.875,saccharomyces cerevisiae
52,OC[C@H]1O[C@H](OC[C@H]2O[C@](O)(CO)[C@@H](O)[C@@H]2O)[C@H](O)[C@@H](O)[C@@H]1O,MTISSAHPETEPKWWKEATFYQIYPASFKDSNDDGWGDMKGIASKLEYIKELGADAIWISPFYDSPQDDMGYDIANYEKVWPTYGTNEDCFALIEKTHKLGMKFITDLVINHCSSEHEWFKESRSSKTNPKRDWFFWRPPKGYDAEGKPIPPNNWKSYFGGSAWTFDEKTQEFYLRLFCSTQPDLNWENEDCRKAIYESAVGYWLDHGVDGFRIDVGSLYSKVVGLPDAPVVDKNSTWQSSDPYTLNGPRIHEFHQEMNQFIRNRVKDGREIMTVGEMQHASDETKRLYTSASRHELSELFNFSHTDVGTSPLFRYNLVPFELKDWKIALAELFRYINGTDCWSTIYLENHDQPRSITRFGDDSPKNRVISGKLLSVLLSALTGTLYVYQGQELGQINFKNWPVEKYEDVEIRNNYNAIKEEHGENSEEMKKFLEAIALISRDHARTPMQWSREEPNAGFSGPSAKPWFYLNDSFREGINVEDEIKDPNSVLNFWKEALKFRKAHKDITVYGYDFEFIDLDNKKLFSFTKKYNNKTLFAALNFSSDATDFKIPNDDSSFKLEFGNYPKKEVDASSRTLKPWEGRIYISE,4.875,saccharomyces cerevisiae
53,OC[C@H]1O[C@H](OC[C@H]2O[C@](O)(CO)[C@@H](O)[C@@H]2O)[C@H](O)[C@@H](O)[C@@H]1O,MTISSAHPETEPKWWKEATIYQIYPASFKDSNNDGWGDMKGIASKLEYIKELGADAIWISPFYDSPQDDMGYDIANYEKVWPTYGTNEDCFALIEKTHKLGMKFITDLVINHCSSEHEWFKESRSSKTNPKRDWFFWRPPKGYDAEGKPIPPNNWRSYFGGSAWTFDEKTQEFYLRLFCSTQPDLNWENEDCRKAIYESAVGYWLDHGVDGFRIDVGSLYSKVAGLPDAPVIDENSKWQPSDPFTMNGPRIHEFHQEMNKFIRNRVKDGREIMTVGEMQHATDETKRLYTSASRHELSELFNFSHTDVGTSPKFRQNLIPYELKDWKVALAELFRYVNGTDCWSTIYLENHDQPRSITRFGDDSPKNRVISGKLLSVLLVSLSGTLYVYQGQELGEINFKNWPIEKYEDVEVRNNYDAIKEEHGENSKEMKRFLEAIALISRDHARTPMQWSREEPNAGFSGPNAKPWFYLNESFREGINAEDESKDPNSVLNFWKEALRFRKAHKDITVYGYDFEFIDLDNKKLFSFTKKYDNKTLFAALNFSSDSIDFTIPNNSSSFKLEFGNYPRSEVDASSRTLKPWEGRIYISE,4.875,saccharomyces cerevisiae
54,CO[C@H]1O[C@H](CO)[C@@H](O)[C@H](O)[C@H]1O,MTISSAHPETEPKWWKEATIYQIYPASFKDSNNDGWGDMKGIASKLEYIKELGTDAIWISPFYDSPQDDMGYDIANYEKVWPTYGTNEDCFALIEKTHKLGMKFITDLVINHCSSEHEWFKESRSSKTNPKRDWFFWRPPKGYDAEGKPIPPNNWRSYFGGSAWTFDEKTQEFYLRLFCSTQPDLNWENEDCRKAIYESAVGYWLDHGVDGFRIDVGSLYSKVAGLPDAPVIDENSKWQLSDPFTMNGPRIHEFHQEMNKFIRNRVKDGREIMTVGEMRHATDETKRLYTSASRHELSELFNFSHTDVGTSPKFRQNLIPYELKDWKVALAELFRYVNGTDCWSTIYLENHDQPRSITRFGDDSPKNRVISGKLLSVLLVSLSGTLYVYQGQELGEINFKNWPIEKYEDVEVRNNYDAIKEEHGENSKEMKRFLEAIALISRDHARTPMQWSREEPNAGFSGPNAKPWFYLNESFREGINAEDESKDPNSVLNFWKEALRFRKAHKDITVYGYDFEFIDLDNKKLFSFTKKYDNKTLFAALNFSSDSIDFTIPNNSSSFKLEFGNYPRSEVDASSRTLKPWEGRIYISE,2.0,saccharomyces cerevisiae
55,CO[C@H]1O[C@H](CO)[C@@H](O)[C@H](O)[C@H]1O,MTIIHNPKWWKEATVYQIYPASFKDSNNDGWGDLAGITSKLDYVKELGVDAIWVCPFYDSPQEDMGYDIANYEKVWPRYGTNEDCFQMIEEAHKRGIKVIVDLVINHCSEEHEWFKESRSSKANPKRDWFFWRPPKGYDEKGNPIPPNNWRSFFGGSAWRYDEKTGEFFLHVFALGQPDFNWENEECRKAIYDSSVGYWLRHNVDGFRIDVGSMYSKVEGLPDAPITDPTVPYQKGTEFFINGPRIHEYHKEMHNYMLSQVPEGKEIMTVGEVGIGNEDDFRVYTSAKEGELNMMFNFKHTSVGENPKCKYELIPFTLKDFKLALAESFLFIENTDCWSTIYLENHDQPRSVSRFGSDSPKWREISSKMLATLIISLTGTVFIYQGQELGMPNFKNRKIEQIKCVEGTGTYAAIKRDYGEDSEKMKKFFEALALISRDHGRTPFPWSADEPSAGFSKDAKPWIDMNESFRDGINAEAELKDKNSVFFFWKKALQVRKEHKDILVYGHNFQFIDLDNDKLFMFTKDTDNKKMFAVFNFSSDNTDFSVPDNEASYTMFFGNYANSNGDSRTLQPWEGRLYLLK,2.0,saccharomyces cerevisiae
56,CO[C@H]1O[C@H](CO)[C@@H](O)[C@H](O)[C@H]1O,MTISSAHPETEPKWWKEATFYQIYPASFKDSNDDGWGDMKGIASKLEYIKELGADAIWISPFYDSPQDDMGYDIANYEKVWPTYGTNEDCFALIEKTHKLGMKFITDLVINHCSSEHEWFKESRSSKTNPKRDWFFWRPPKGYDAEGKPIPPNNWKSYFGGSAWTFDEKTQEFYLRLFCSTQPDLNWENEDCRKAIYESAVGYWLDHGVDGFRIDVGSLYSKVVGLPDAPVVDKNSTWQSSDPYTLNGPRIHEFHQEMNQFIRNRVKDGREIMTVGEMQHASDETKRLYTSASRHELSELFNFSHTDVGTSPLFRYNLVPFELKDWKIALAELFRYINGTDCWSTIYLENHDQPRSITRFGDDSPKNRVISGKLLSVLLSALTGTLYVYQGQELGQINFKNWPVEKYEDVEIRNNYNAIKEEHGENSEEMKKFLEAIALISRDHARTPMQWSREEPNAGFSGPSAKPWFYLNDSFREGINVEDEIKDPNSVLNFWKEALKFRKAHKDITVYGYDFEFIDLDNKKLFSFTKKYNNKTLFAALNFSSDATDFKIPNDDSSFKLEFGNYPKKEVDASSRTLKPWEGRIYISE,2.0,saccharomyces cerevisiae
57,CO[C@H]1O[C@H](CO)[C@@H](O)[C@H](O)[C@H]1O,MTISSAHPETEPKWWKEATIYQIYPASFKDSNNDGWGDMKGIASKLEYIKELGADAIWISPFYDSPQDDMGYDIANYEKVWPTYGTNEDCFALIEKTHKLGMKFITDLVINHCSSEHEWFKESRSSKTNPKRDWFFWRPPKGYDAEGKPIPPNNWRSYFGGSAWTFDEKTQEFYLRLFCSTQPDLNWENEDCRKAIYESAVGYWLDHGVDGFRIDVGSLYSKVAGLPDAPVIDENSKWQPSDPFTMNGPRIHEFHQEMNKFIRNRVKDGREIMTVGEMQHATDETKRLYTSASRHELSELFNFSHTDVGTSPKFRQNLIPYELKDWKVALAELFRYVNGTDCWSTIYLENHDQPRSITRFGDDSPKNRVISGKLLSVLLVSLSGTLYVYQGQELGEINFKNWPIEKYEDVEVRNNYDAIKEEHGENSKEMKRFLEAIALISRDHARTPMQWSREEPNAGFSGPNAKPWFYLNESFREGINAEDESKDPNSVLNFWKEALRFRKAHKDITVYGYDFEFIDLDNKKLFSFTKKYDNKTLFAALNFSSDSIDFTIPNNSSSFKLEFGNYPRSEVDASSRTLKPWEGRIYISE,2.0,saccharomyces cerevisiae
58,O=[N+]([O-])c1ccc(O[C@H]2O[C@H](CO)[C@@H](O)[C@H](O)[C@H]2O)cc1,MTISSAHPETEPKWWKEATIYQIYPASFKDSNNDGWGDMKGIASKLEYIKELGTDAIWISPFYDSPQDDMGYDIANYEKVWPTYGTNEDCFALIEKTHKLGMKFITDLVINHCSSEHEWFKESRSSKTNPKRDWFFWRPPKGYDAEGKPIPPNNWRSYFGGSAWTFDEKTQEFYLRLFCSTQPDLNWENEDCRKAIYESAVGYWLDHGVDGFRIDVGSLYSKVAGLPDAPVIDENSKWQLSDPFTMNGPRIHEFHQEMNKFIRNRVKDGREIMTVGEMRHATDETKRLYTSASRHELSELFNFSHTDVGTSPKFRQNLIPYELKDWKVALAELFRYVNGTDCWSTIYLENHDQPRSITRFGDDSPKNRVISGKLLSVLLVSLSGTLYVYQGQELGEINFKNWPIEKYEDVEVRNNYDAIKEEHGENSKEMKRFLEAIALISRDHARTPMQWSREEPNAGFSGPNAKPWFYLNESFREGINAEDESKDPNSVLNFWKEALRFRKAHKDITVYGYDFEFIDLDNKKLFSFTKKYDNKTLFAALNFSSDSIDFTIPNNSSSFKLEFGNYPRSEVDASSRTLKPWEGRIYISE,19.75,saccharomyces cerevisiae
59,O=[N+]([O-])c1ccc(O[C@H]2O[C@H](CO)[C@@H](O)[C@H](O)[C@H]2O)cc1,MTIIHNPKWWKEATVYQIYPASFKDSNNDGWGDLAGITSKLDYVKELGVDAIWVCPFYDSPQEDMGYDIANYEKVWPRYGTNEDCFQMIEEAHKRGIKVIVDLVINHCSEEHEWFKESRSSKANPKRDWFFWRPPKGYDEKGNPIPPNNWRSFFGGSAWRYDEKTGEFFLHVFALGQPDFNWENEECRKAIYDSSVGYWLRHNVDGFRIDVGSMYSKVEGLPDAPITDPTVPYQKGTEFFINGPRIHEYHKEMHNYMLSQVPEGKEIMTVGEVGIGNEDDFRVYTSAKEGELNMMFNFKHTSVGENPKCKYELIPFTLKDFKLALAESFLFIENTDCWSTIYLENHDQPRSVSRFGSDSPKWREISSKMLATLIISLTGTVFIYQGQELGMPNFKNRKIEQIKCVEGTGTYAAIKRDYGEDSEKMKKFFEALALISRDHGRTPFPWSADEPSAGFSKDAKPWIDMNESFRDGINAEAELKDKNSVFFFWKKALQVRKEHKDILVYGHNFQFIDLDNDKLFMFTKDTDNKKMFAVFNFSSDNTDFSVPDNEASYTMFFGNYANSNGDSRTLQPWEGRLYLLK,19.75,saccharomyces cerevisiae
60,O=[N+]([O-])c1ccc(O[C@H]2O[C@H](CO)[C@@H](O)[C@H](O)[C@H]2O)cc1,MTISSAHPETEPKWWKEATFYQIYPASFKDSNDDGWGDMKGIASKLEYIKELGADAIWISPFYDSPQDDMGYDIANYEKVWPTYGTNEDCFALIEKTHKLGMKFITDLVINHCSSEHEWFKESRSSKTNPKRDWFFWRPPKGYDAEGKPIPPNNWKSYFGGSAWTFDEKTQEFYLRLFCSTQPDLNWENEDCRKAIYESAVGYWLDHGVDGFRIDVGSLYSKVVGLPDAPVVDKNSTWQSSDPYTLNGPRIHEFHQEMNQFIRNRVKDGREIMTVGEMQHASDETKRLYTSASRHELSELFNFSHTDVGTSPLFRYNLVPFELKDWKIALAELFRYINGTDCWSTIYLENHDQPRSITRFGDDSPKNRVISGKLLSVLLSALTGTLYVYQGQELGQINFKNWPVEKYEDVEIRNNYNAIKEEHGENSEEMKKFLEAIALISRDHARTPMQWSREEPNAGFSGPSAKPWFYLNDSFREGINVEDEIKDPNSVLNFWKEALKFRKAHKDITVYGYDFEFIDLDNKKLFSFTKKYNNKTLFAALNFSSDATDFKIPNDDSSFKLEFGNYPKKEVDASSRTLKPWEGRIYISE,19.75,saccharomyces cerevisiae
61,O=[N+]([O-])c1ccc(O[C@H]2O[C@H](CO)[C@@H](O)[C@H](O)[C@H]2O)cc1,MTISSAHPETEPKWWKEATIYQIYPASFKDSNNDGWGDMKGIASKLEYIKELGADAIWISPFYDSPQDDMGYDIANYEKVWPTYGTNEDCFALIEKTHKLGMKFITDLVINHCSSEHEWFKESRSSKTNPKRDWFFWRPPKGYDAEGKPIPPNNWRSYFGGSAWTFDEKTQEFYLRLFCSTQPDLNWENEDCRKAIYESAVGYWLDHGVDGFRIDVGSLYSKVAGLPDAPVIDENSKWQPSDPFTMNGPRIHEFHQEMNKFIRNRVKDGREIMTVGEMQHATDETKRLYTSASRHELSELFNFSHTDVGTSPKFRQNLIPYELKDWKVALAELFRYVNGTDCWSTIYLENHDQPRSITRFGDDSPKNRVISGKLLSVLLVSLSGTLYVYQGQELGEINFKNWPIEKYEDVEVRNNYDAIKEEHGENSKEMKRFLEAIALISRDHARTPMQWSREEPNAGFSGPNAKPWFYLNESFREGINAEDESKDPNSVLNFWKEALRFRKAHKDITVYGYDFEFIDLDNKKLFSFTKKYDNKTLFAALNFSSDSIDFTIPNNSSSFKLEFGNYPRSEVDASSRTLKPWEGRIYISE,19.75,saccharomyces cerevisiae
62,OC[C@H]1O[C@H](OC[C@H]2OC(O)[C@H](O)[C@@H](O)[C@@H]2O)[C@H](O)[C@@H](O)[C@H]1O,MFAFYFLTACISLKGVFGVSPSYNGLGLTPQMGWDNWNTFACDVSEQLLLDTADRISDLGLKDMGYKYIILDDCWSSGRDSDGFLVADEQKFPNGMGHVADHLHNNSFLFGMYSSAGEYTCAGYPGSLGREEEDAQFFANNRVDYLKYDNCYNKGQFGTPEISYHRYKAMSDALNKTGRPIFYSLCNWGQDLTFYWGSGIANSWRMSGDVTAEFTRPDSRCPCDGDEYDCKYAGFHCSIMNILNKAAPMGQNAGVGGWNDLDNLEVGVGNLTDDEEKAHFSMWAMVKSPLIIGANVNNLKASSYSIYSQASVIAINQDSNGIPATRVWRYYVSDTDEYGQGEIQMWSGPLDNGDQVVALLNGGSVSRPMNTTLEEIFFDSNLGSKKLTSTWDIYDLWANRVDNSTASAILGRNKTATGILYNATEQSYKDGLSKNDTRLFGQKIGSLSPNAILNTTVPAHGIAFYRLRPSS,13.150001,saccharomyces cerevisiae
63,OC[C@H]1O[C@H](OC[C@H]2O[C@H](O[C@]3(CO)O[C@H](CO)[C@@H](O)[C@@H]3O)[C@H](O)[C@@H](O)[C@@H]2O)[C@H](O)[C@@H](O)[C@H]1O,MFAFYFLTACISLKGVFGVSPSYNGLGLTPQMGWDNWNTFACDVSEQLLLDTADRISDLGLKDMGYKYIILDDCWSSGRDSDGFLVADEQKFPNGMGHVADHLHNNSFLFGMYSSAGEYTCAGYPGSLGREEEDAQFFANNRVDYLKYDNCYNKGQFGTPEISYHRYKAMSDALNKTGRPIFYSLCNWGQDLTFYWGSGIANSWRMSGDVTAEFTRPDSRCPCDGDEYDCKYAGFHCSIMNILNKAAPMGQNAGVGGWNDLDNLEVGVGNLTDDEEKAHFSMWAMVKSPLIIGANVNNLKASSYSIYSQASVIAINQDSNGIPATRVWRYYVSDTDEYGQGEIQMWSGPLDNGDQVVALLNGGSVSRPMNTTLEEIFFDSNLGSKKLTSTWDIYDLWANRVDNSTASAILGRNKTATGILYNATEQSYKDGLSKNDTRLFGQKIGSLSPNAILNTTVPAHGIAFYRLRPSS,0.85,saccharomyces cerevisiae
64,O=[N+]([O-])c1ccc(O[C@H]2O[C@H](CO)[C@H](O)[C@H](O)[C@H]2O)cc1,MFAFYFLTACISLKGVFGVSPSYNGLGLTPQMGWDNWNTFACDVSEQLLLDTADRISDLGLKDMGYKYIILDDCWSSGRDSDGFLVADEQKFPNGMGHVADHLHNNSFLFGMYSSAGEYTCAGYPGSLGREEEDAQFFANNRVDYLKYDNCYNKGQFGTPEISYHRYKAMSDALNKTGRPIFYSLCNWGQDLTFYWGSGIANSWRMSGDVTAEFTRPDSRCPCDGDEYDCKYAGFHCSIMNILNKAAPMGQNAGVGGWNDLDNLEVGVGNLTDDEEKAHFSMWAMVKSPLIIGANVNNLKASSYSIYSQASVIAINQDSNGIPATRVWRYYVSDTDEYGQGEIQMWSGPLDNGDQVVALLNGGSVSRPMNTTLEEIFFDSNLGSKKLTSTWDIYDLWANRVDNSTASAILGRNKTATGILYNATEQSYKDGLSKNDTRLFGQKIGSLSPNAILNTTVPAHGIAFYRLRPSS,68.625,saccharomyces cerevisiae
65,C[C@H](NC(=O)[C@H](C)NC(=O)[C@@H](N)Cc1ccc(O)cc1)C(=O)O,MLHRINPVRFSMQSCQRYFSKLVSPLEQHKSNTFTNRVRIPIEAGQPLHETRPFLIKSGELTPGISALEYYERRIRLAETLPPKSCVILAGNDIQFASGAVFYPFQQENDLFYLSGWNEPNSVMILEKPTDSLSDTIFHMLVPPKDAFAEKWEGFRSGVYGVQEIFNADESASINDLSKYLPKIINRNDFIYFDMLSTSNPSSSNFKHIKSLLDGSGNSNRSLNSIANKTIKPISKRIAEFRKIKSPQELRIMRRAGQISGRSFNQAFAKRFRNERTLDSFLHYKFISGGCDKDAYIPVVATGSNSLCIHYTRNDDVMFDDEMVLVDAAGSLGGYCADISRTWPNSGKFTDAQRDLYEAVLNVQRDCIKLCKASNNYSLHDIHEKSITLMKQELKNLGIDKVSGWNVEKLYPHYIGHNLGLDVHDVPKVSRYEPLKVGQVITIEPGLYIPNEESFPSYFRNVGIRIEDDIAIGEDTYTNLTVEAVKEIDDLENVMQNGLSTKFEEDQVAPL,1.94,saccharomyces cerevisiae
66,C[C@H](NC(=O)[C@@H]1CCCN1C(=O)[C@@H](N)Cc1ccc(O)cc1)C(=O)O,MLHRINPVRFSMQSCQRYFSKLVSPLEQHKSNTFTNRVRIPIEAGQPLHETRPFLIKSGELTPGISALEYYERRIRLAETLPPKSCVILAGNDIQFASGAVFYPFQQENDLFYLSGWNEPNSVMILEKPTDSLSDTIFHMLVPPKDAFAEKWEGFRSGVYGVQEIFNADESASINDLSKYLPKIINRNDFIYFDMLSTSNPSSSNFKHIKSLLDGSGNSNRSLNSIANKTIKPISKRIAEFRKIKSPQELRIMRRAGQISGRSFNQAFAKRFRNERTLDSFLHYKFISGGCDKDAYIPVVATGSNSLCIHYTRNDDVMFDDEMVLVDAAGSLGGYCADISRTWPNSGKFTDAQRDLYEAVLNVQRDCIKLCKASNNYSLHDIHEKSITLMKQELKNLGIDKVSGWNVEKLYPHYIGHNLGLDVHDVPKVSRYEPLKVGQVITIEPGLYIPNEESFPSYFRNVGIRIEDDIAIGEDTYTNLTVEAVKEIDDLENVMQNGLSTKFEEDQVAPL,7.78,saccharomyces cerevisiae
67,CSCC[C@H](N)C(=O)N1CCC[C@H]1C(=O)N[C@@H](C)C(=O)O,MLHRINPVRFSMQSCQRYFSKLVSPLEQHKSNTFTNRVRIPIEAGQPLHETRPFLIKSGELTPGISALEYYERRIRLAETLPPKSCVILAGNDIQFASGAVFYPFQQENDLFYLSGWNEPNSVMILEKPTDSLSDTIFHMLVPPKDAFAEKWEGFRSGVYGVQEIFNADESASINDLSKYLPKIINRNDFIYFDMLSTSNPSSSNFKHIKSLLDGSGNSNRSLNSIANKTIKPISKRIAEFRKIKSPQELRIMRRAGQISGRSFNQAFAKRFRNERTLDSFLHYKFISGGCDKDAYIPVVATGSNSLCIHYTRNDDVMFDDEMVLVDAAGSLGGYCADISRTWPNSGKFTDAQRDLYEAVLNVQRDCIKLCKASNNYSLHDIHEKSITLMKQELKNLGIDKVSGWNVEKLYPHYIGHNLGLDVHDVPKVSRYEPLKVGQVITIEPGLYIPNEESFPSYFRNVGIRIEDDIAIGEDTYTNLTVEAVKEIDDLENVMQNGLSTKFEEDQVAPL,12.8,saccharomyces cerevisiae
68,C[C@H](N)C(=O)N[C@@H](C)C(=O)Nc1ccc2ccccc2c1,MSHFFADHDAPLSMLSVKTEYFPQLTDKEQKYAHFMSKASHAGSRVVMRQVSHESEPIFDLILAIHSKLNGKYPEDDITQKQQTGLYLEYVSQFLSNLGNFKSFGDTKFIPRCEVKFFKQLLELAKINPCSSPLTLSPVDVNHEFTSHHLFSTINELIDIGIYHVEEKAALLGFPSQGYTSAYYLGLPVTPEDMALLKEQLFAELAILPENTRINKVGENSFQIWVASENVKNQITETYPSGQITLSNAVTKVEFIFGDHSREMRLVASYLKEAQKFAANDTQKAMLQEYINHFVTGSSQAHKEAQKLWVKDISPVIETNIGFIETYREPSGIIGEFESLVAIQNKERTAKFSSLVNNAEEFISLLPWSKDYEKPIFNPPDFTSLEVLTFTGSGIPAGINIPNYDDVRLKIGFKNVSLGNILSAAAKSSSKHPPSFISQEDRPIFEKYQSDSFEVQVGIHELLGHGSGKLLTEFTDGFNFDKENPPLGLDGKPVSTYYKVGETWGSKFGQLAGPFEECRAEVIAMFLLTNKKILDIFGFHDVESQDKVIYAGYLQMARAGLLALEYWNPKTGKWGQPHMQARFSIMKTFMKHSTDKNFLKLEMNSTNDDFAIKLDKSLIKTAGHECVKDYLKHLHVYKCSGDVEQGSKYFIDRSTVTPDLASLRDIVLSKRLPRRQFIQSNSYIDDNNKVTLKEYDETPQGMLQSFLDREL,26.657333,saccharomyces cerevisiae
69,N=C(N)NCCC[C@H](NC(=O)[C@@H](N)CCCNC(=N)N)C(=O)Nc1ccc2ccccc2c1,MSHFFADHDAPLSMLSVKTEYFPQLTDKEQKYAHFMSKASHAGSRVVMRQVSHESEPIFDLILAIHSKLNGKYPEDDITQKQQTGLYLEYVSQFLSNLGNFKSFGDTKFIPRCEVKFFKQLLELAKINPCSSPLTLSPVDVNHEFTSHHLFSTINELIDIGIYHVEEKAALLGFPSQGYTSAYYLGLPVTPEDMALLKEQLFAELAILPENTRINKVGENSFQIWVASENVKNQITETYPSGQITLSNAVTKVEFIFGDHSREMRLVASYLKEAQKFAANDTQKAMLQEYINHFVTGSSQAHKEAQKLWVKDISPVIETNIGFIETYREPSGIIGEFESLVAIQNKERTAKFSSLVNNAEEFISLLPWSKDYEKPIFNPPDFTSLEVLTFTGSGIPAGINIPNYDDVRLKIGFKNVSLGNILSAAAKSSSKHPPSFISQEDRPIFEKYQSDSFEVQVGIHELLGHGSGKLLTEFTDGFNFDKENPPLGLDGKPVSTYYKVGETWGSKFGQLAGPFEECRAEVIAMFLLTNKKILDIFGFHDVESQDKVIYAGYLQMARAGLLALEYWNPKTGKWGQPHMQARFSIMKTFMKHSTDKNFLKLEMNSTNDDFAIKLDKSLIKTAGHECVKDYLKHLHVYKCSGDVEQGSKYFIDRSTVTPDLASLRDIVLSKRLPRRQFIQSNSYIDDNNKVTLKEYDETPQGMLQSFLDREL,326.4871,saccharomyces cerevisiae
70,O=C(O)CNC(=O)C(CS)NC(=O)CCC(=O)C(=O)O,MTSKLKRVAVAQLCSSADLTKNLKVVKELISEAIQKKADVVFLPEASDYLSQNPLHSRYLAQKSPKFIRQLQSSITDLVRDNSRNIDVSIGVHLPPSEQDLLEGNDRVRNVLLYIDHEGKILQEYQKLHLFDVDVPNGPILKESKSVQPGKAIPDIIESPLGKLGSAICYDIRFPEFSLKLRSMGAEILCFPSAFTIKTGEAHWELLGRARAVDTQCYVLMPGQVGMHDLSDPEWEKQSHMSALEKSSRRESWGHSMVIDPWGKIIAHADPSTVGPQLILADLDRELLQEIRNKMPLWNQRRDDLFH,80.0,saccharomyces cerevisiae
71,NC(=O)c1cccnc1,MKTLIVVDMQNDFISPLGSLTVPKGEELINPISDLMQDADRDWHRIVVTRDWHPSRHISFAKNHKDKEPYSTYTYHSPRPGDDSTQEGILWPVHCVKNTWGSQLVDQIMDQVVTKHIKIVDKGFLTDREYYSAFHDIWNFHKTDMNKYLEKHHTDEVYIVGVALEYCVKATAISAAELGYKTTVLLDYTRPISDDPEVINKVKEELKAHNINVVDK,18.801373,saccharomyces cerevisiae
72,NC(=O)c1ccccc1,MKTLIVVDMQNDFISPLGSLTVPKGEELINPISDLMQDADRDWHRIVVTRDWHPSRHISFAKNHKDKEPYSTYTYHSPRPGDDSTQEGILWPVHCVKNTWGSQLVDQIMDQVVTKHIKIVDKGFLTDREYYSAFHDIWNFHKTDMNKYLEKHHTDEVYIVGVALEYCVKATAISAAELGYKTTVLLDYTRPISDDPEVINKVKEELKAHNINVVDK,0.1875,saccharomyces cerevisiae
73,NC(=S)c1cccnc1,MKTLIVVDMQNDFISPLGSLTVPKGEELINPISDLMQDADRDWHRIVVTRDWHPSRHISFAKNHKDKEPYSTYTYHSPRPGDDSTQEGILWPVHCVKNTWGSQLVDQIMDQVVTKHIKIVDKGFLTDREYYSAFHDIWNFHKTDMNKYLEKHHTDEVYIVGVALEYCVKATAISAAELGYKTTVLLDYTRPISDDPEVINKVKEELKAHNINVVDK,0.05,saccharomyces cerevisiae
74,Cc1cncc(C(N)=O)c1,MKTLIVVDMQNDFISPLGSLTVPKGEELINPISDLMQDADRDWHRIVVTRDWHPSRHISFAKNHKDKEPYSTYTYHSPRPGDDSTQEGILWPVHCVKNTWGSQLVDQIMDQVVTKHIKIVDKGFLTDREYYSAFHDIWNFHKTDMNKYLEKHHTDEVYIVGVALEYCVKATAISAAELGYKTTVLLDYTRPISDDPEVINKVKEELKAHNINVVDK,14.5305,saccharomyces cerevisiae
75,NC(=O)c1cnccn1,MKTLIVVDMQNDFISPLGSLTVPKGEELINPISDLMQDADRDWHRIVVTRDWHPSRHISFAKNHKDKEPYSTYTYHSPRPGDDSTQEGILWPVHCVKNTWGSQLVDQIMDQVVTKHIKIVDKGFLTDREYYSAFHDIWNFHKTDMNKYLEKHHTDEVYIVGVALEYCVKATAISAAELGYKTTVLLDYTRPISDDPEVINKVKEELKAHNINVVDK,8.0785,saccharomyces cerevisiae
76,NC(=O)NC(=O)O,MTVSSDTTAEISLGWSIQDWIDFHKSSSSQASLRLLESLLDSQNVAPVDNAWISLISKENLLHQFQILKSRENKETLPLYGVPIAVKDNIDVRGLPTTAACPSFAYEPSKDSKVVELLRNAGAIIVGKTNLDQFATGLVGTRSPYGKTPCAFSKEHVSGGSSAGSASVVARGIVPIALGTDTAGSGRVPAALNNLIGLKPTKGVFSCQGVVPACKSLDCVSIFALNLSDAERCFRIMCQPDPDNDEYSRPYVSNPLKKFSSNVTIAIPKNIPWYGETKNPVLFSNAVENLSRTGANVIEIDFEPLLELARCLYEGTWVAERYQAIQSFLDSKPPKESLDPTVISIIEGAKKYSAVDCFSFEYKRQGILQKVRRLLESVDVLCVPTCPLNPTMQQVADEPVLVNSRQGTWTNFVNLADLAALAVPAGFRDDGLPNGITLIGKKFTDYALLELANRYFQNIFPNGSRTYGTFTSSSVKPANDQLVGPDYDPSTSIKLAVVGAHLKGLPLHWQLEKVNATYLCTTKTSKAYQLFALPKNGPVLKPGLRRVQDSNGSQIELEVYSVPKELFGAFISMVPEPLGIGSVELESGEWIKSFICEESGYKAKGTVDITKYGGFRAYFEMLKKKESQKKKLFDTVLIANRGEIAVRIIKTLKKLGIRSVAVYSDPDKYSQHVTDADVSVPLHGTTAAQTYLDMNKIIDAAKQTNAQAIIPGYGFLSENADFSDACTSAGITFVGPSGDIIRGLGLKHSARQIAQKAGVPLVPGSLLITSVEEAKKVAAELEYPVMVKSTAGGGGIGLQKVDSEEDIEHIFETVKHQGETFFGDAGVFLERFIENARHVEVQLMGDGFGKAIALGERDCSLQRRNQKVIEETPAPNLPEKTRLALRKAAESLGSLLNYKCAGTVEFIYDEKKDEFYFLEVNTRLQVEHPITEMVTGLDLVEWMIRIAANDAPDFDSTKVEVNGVSMEARLYAENPLKNFRPSPGLLVDVKFPDWARVDTWVKKGTNISPEYDPTLAKIIVHGKDRDDAISKLNQALEETKVYGCITNIDYLKSIITSDFFAKAKVSTNILNSYQYEPTAIEITLPGAHTSIQDYPGRVGYWRIGVPPSGPMDAYSFRLANRIVGNDYRTPAIEVTLTGPSIVFHCETVIAITGGTALCTLDGQEIPQHKPVEVKRGSTLSIGKLTSGCRAYLGIRGGIDVPKYLGSYSTFTLGNVGGYNGRVLKLGDVLFLPSNEENKSVECLPQNIPQSLIPQISETKEWRIGVTCGPHGSPDFFKPESIEEFFSEKWKVHYNSNRFGVRLIGPKPKWARSNGGEGGMHPSNTHDYVYSLGAINFTGDEPVIITCDGPSLGGFVCQAVVPEAELWKVGQVKPGDSIQFVPLSYESSRSLKESQDVAIKSLDGTKLRRLDSVSILPSFETPILAQMEKVNELSPKVVYRQAGDRYVLVEYGDNEMNFNISYRIECLISLVKKNKTIGIVEMSQGVRSVLIEFDGYKVTQKELLKVLVAYETEIQFDENWKITSNIIRLPMAFEDSKTLACVQRYQETIRSSAPWLPNNVDFIANVNGISRNEVYDMLYSARFMVLGLGDVFLGSPCAVPLDPRHRFLGSKYNPSRTYTERGAVGIGGMYMCIYAANSPGGYQLVGRTIPIWDKLCLAASSEVPWLMNPFDQVEFYPVSEEDLDKMTEDCDNGVYKVNIEKSVFDHQEYLRWINANKDSITAFQEGQLGERAEEFAKLIQNANSELKESVTVKPDEEEDFPEGAEIVYSEYSGRFWKSIASVGDVIEAGQGLLIIEAMKAEMIISAPKSGKIIKICHGNGDMVDSGDIVAVIETLA,139.13,saccharomyces cerevisiae
77,Nc1nc(N)nc(O)n1,MTKSDLLFDKFNDKHGKFLVFFGTFVDTPKLGELRIREKTSVGVLNGIIRFVNRNSLDPVKDCLDHDSSLSPEDVTVVDIIGKDKTRNNSFYFPGFVDTHNHVSQYPNVGVFGNSTLLDWLEKYTFPIEAALANENIAREVYNKVISKTLSHGTTTVAYYNTIDLKSTKLLAQLSSLLGQRVLVGKVCMDTNGPEYYIEDTKTSFESTVKVVKYIRETICDPLVNPIVTPRFAPSCSRELMQQLSKLVKDENIHVQTHLSENKEEIQWVQDLFPECESYTDVYDKYGLLTEKTVLAHCIHLTDAEARVIKQRRCGISHCPISNSSLTSGECRVRWLLDQGIKVGLGTDVSAGHSCSILTTGRQAFAVSRHLAMRETDHAKLSVSECLFLATMGGAQVLRMDETLGTFDVGKQFDAQMIDTNAPGSNVDMFHWQLKEKDQMQEQEQEQGQDPYKNPPLLTNEDIIAKWFFNGDDRNTTKVWVAGQQVYQI,1.1,saccharomyces cerevisiae
78,Nc1nc2[nH]cnc2c(=O)[nH]1,MTKSDLLFDKFNDKHGKFLVFFGTFVDTPKLGELRIREKTSVGVLNGIIRFVNRNSLDPVKDCLDHDSSLSPEDVTVVDIIGKDKTRNNSFYFPGFVDTHNHVSQYPNVGVFGNSTLLDWLEKYTFPIEAALANENIAREVYNKVISKTLSHGTTTVAYYNTIDLKSTKLLAQLSSLLGQRVLVGKVCMDTNGPEYYIEDTKTSFESTVKVVKYIRETICDPLVNPIVTPRFAPSCSRELMQQLSKLVKDENIHVQTHLSENKEEIQWVQDLFPECESYTDVYDKYGLLTEKTVLAHCIHLTDAEARVIKQRRCGISHCPISNSSLTSGECRVRWLLDQGIKVGLGTDVSAGHSCSILTTGRQAFAVSRHLAMRETDHAKLSVSECLFLATMGGAQVLRMDETLGTFDVGKQFDAQMIDTNAPGSNVDMFHWQLKEKDQMQEQEQEQGQDPYKNPPLLTNEDIIAKWFFNGDDRNTTKVWVAGQQVYQI,150.0,saccharomyces cerevisiae
79,O=P(O)(O)OP(=O)(O)OP(=O)(O)OC[C@H]1O[C@@H](n2cnc3c(O)ncnc32)C[C@@H]1O,MTATSDKVLKIQLRSASATVPTKGSATAAGYDIYASQDITIPAMGQGMVSTDISFTVPVGTYGRIAPRSGLAVKNGIQTGAGVVDRDYTGEVKVVLFNHSQRDFAIKKGDRVAQLILEKIVDDAQIVVVDSLEESARGAGGFGSTGN,29.0,saccharomyces cerevisiae
80,O=c1ccn([C@H]2C[C@H](O)[C@@H](COP(=O)(O)OP(=O)(O)OP(=O)(O)O)O2)c(=O)[nH]1,MTATSDKVLKIQLRSASATVPTKGSATAAGYDIYASQDITIPAMGQGMVSTDISFTVPVGTYGRIAPRSGLAVKNGIQTGAGVVDRDYTGEVKVVLFNHSQRDFAIKKGDRVAQLILEKIVDDAQIVVVDSLEESARGAGGFGSTGN,277.5,saccharomyces cerevisiae
81,O=c1ccn([C@@H]2O[C@H](COP(=O)(O)OP(=O)(O)OP(=O)(O)O)[C@@H](O)[C@H]2O)c(=O)[nH]1,MTATSDKVLKIQLRSASATVPTKGSATAAGYDIYASQDITIPAMGQGMVSTDISFTVPVGTYGRIAPRSGLAVKNGIQTGAGVVDRDYTGEVKVVLFNHSQRDFAIKKGDRVAQLILEKIVDDAQIVVVDSLEESARGAGGFGSTGN,150.0,saccharomyces cerevisiae
82,C[n+]1cn([C@@H]2O[C@H](COP(=O)(O)OP(=O)(O)O)[C@@H](O)[C@H]2O)c2nc(N)[nH]c(=O)c21,MSQLPTDFASLIKRFQFVSVLDSNPQTKVMSLLGTIDNKDAIITAEKTHFLFDETVRRPSQDGRSTPVLYNCENEYSCINGIQELKEITSNDIYYWGLSVIKQDMESNPTAKLNLIWPATPIHIKKYEQQNFHLVRETPEMYKRIVQPYIEEMCNNGRLKWVNNILYEGAESERVVYKDFSEENKDDGFLILPDMKWDGMNLDSLYLVAIVYRTDIKTIRDLRYSDRQWLINLNNKIRSIVPGCYNYAVHPDELRILVHYQPSYYHFHIHIVNIKHPGLGNSIAAGKAILLEDIIEMLNYLGPEGYMNKTITYAIGENHDLWKRGLEEELTKQLERDGIPKIPKIVNGFK,6.5,saccharomyces cerevisiae
83,C[n+]1cn([C@@H]2O[C@H](COP(=O)(O)OP(=O)(O)OP(=O)(O)OC[C@H]3O[C@@H](n4cnc5c(=O)[nH]cnc54)[C@H](O)[C@@H]3O)[C@@H](O)[C@H]2O)c2nc(N)[nH]c(=O)c21,MSQLPTDFASLIKRFQFVSVLDSNPQTKVMSLLGTIDNKDAIITAEKTHFLFDETVRRPSQDGRSTPVLYNCENEYSCINGIQELKEITSNDIYYWGLSVIKQDMESNPTAKLNLIWPATPIHIKKYEQQNFHLVRETPEMYKRIVQPYIEEMCNNGRLKWVNNILYEGAESERVVYKDFSEENKDDGFLILPDMKWDGMNLDSLYLVAIVYRTDIKTIRDLRYSDRQWLINLNNKIRSIVPGCYNYAVHPDELRILVHYQPSYYHFHIHIVNIKHPGLGNSIAAGKAILLEDIIEMLNYLGPEGYMNKTITYAIGENHDLWKRGLEEELTKQLERDGIPKIPKIVNGFK,86.0,saccharomyces cerevisiae
84,O=C(O)/C=C/c1ccc(O)cc1,MRKLNPALEFRDFIQVLKDEDDLIEITEEIDPNLEVGAIMRKAYESHLPAPLFKNLKGASKDLFSILGCPAGLRSKEKGDHGRIAHHLGLDPKTTIKEIIDYLLECKEKEPLPPITVPVSSAPCKTHILSEEKIHLQSLPTPYLHVSDGGKYLQTYGMWILQTPDKKWTNWSIARGMVVDDKHITGLVIKPQHIRQIADSWAAIGKANEIPFALCFGVPPAAILVSSMPIPEGVSESDYVGAILGESVPVVKCETNDLMVPATSEMVFEGTLSLTDTHLEGPFGEMHGYVFKSQGHPCPLYTVKAMSYRDNAILPVSNPGLCTDETHTLIGSLVATEAKELAIESGLPILDAFMPYEAQALWLILKVDLKGLQALKTTPEEFCKKVGDIYFRTKVGFIVHEIILVADDIDIFNFKEVIWAYVTRHTPVADQMAFDDVTSFPLAPFVSQSSRSKTMKGGKCVTNCIFRQQYERSFDYITCNFEKGYPKGLVDKVNENWKRYGYK,15.025,saccharomyces cerevisiae
85,O=C(O)/C=C/c1cccc([N+](=O)[O-])c1,MRKLNPALEFRDFIQVLKDEDDLIEITEEIDPNLEVGAIMRKAYESHLPAPLFKNLKGASKDLFSILGCPAGLRSKEKGDHGRIAHHLGLDPKTTIKEIIDYLLECKEKEPLPPITVPVSSAPCKTHILSEEKIHLQSLPTPYLHVSDGGKYLQTYGMWILQTPDKKWTNWSIARGMVVDDKHITGLVIKPQHIRQIADSWAAIGKANEIPFALCFGVPPAAILVSSMPIPEGVSESDYVGAILGESVPVVKCETNDLMVPATSEMVFEGTLSLTDTHLEGPFGEMHGYVFKSQGHPCPLYTVKAMSYRDNAILPVSNPGLCTDETHTLIGSLVATEAKELAIESGLPILDAFMPYEAQALWLILKVDLKGLQALKTTPEEFCKKVGDIYFRTKVGFIVHEIILVADDIDIFNFKEVIWAYVTRHTPVADQMAFDDVTSFPLAPFVSQSSRSKTMKGGKCVTNCIFRQQYERSFDYITCNFEKGYPKGLVDKVNENWKRYGYK,11.5,saccharomyces cerevisiae
86,O=Cc1ccc(/C=C/C(=O)O)cc1,MRKLNPALEFRDFIQVLKDEDDLIEITEEIDPNLEVGAIMRKAYESHLPAPLFKNLKGASKDLFSILGCPAGLRSKEKGDHGRIAHHLGLDPKTTIKEIIDYLLECKEKEPLPPITVPVSSAPCKTHILSEEKIHLQSLPTPYLHVSDGGKYLQTYGMWILQTPDKKWTNWSIARGMVVDDKHITGLVIKPQHIRQIADSWAAIGKANEIPFALCFGVPPAAILVSSMPIPEGVSESDYVGAILGESVPVVKCETNDLMVPATSEMVFEGTLSLTDTHLEGPFGEMHGYVFKSQGHPCPLYTVKAMSYRDNAILPVSNPGLCTDETHTLIGSLVATEAKELAIESGLPILDAFMPYEAQALWLILKVDLKGLQALKTTPEEFCKKVGDIYFRTKVGFIVHEIILVADDIDIFNFKEVIWAYVTRHTPVADQMAFDDVTSFPLAPFVSQSSRSKTMKGGKCVTNCIFRQQYERSFDYITCNFEKGYPKGLVDKVNENWKRYGYK,8.7,saccharomyces cerevisiae
87,Nc1ccc(/C=C/C(=O)O)cc1,MRKLNPALEFRDFIQVLKDEDDLIEITEEIDPNLEVGAIMRKAYESHLPAPLFKNLKGASKDLFSILGCPAGLRSKEKGDHGRIAHHLGLDPKTTIKEIIDYLLECKEKEPLPPITVPVSSAPCKTHILSEEKIHLQSLPTPYLHVSDGGKYLQTYGMWILQTPDKKWTNWSIARGMVVDDKHITGLVIKPQHIRQIADSWAAIGKANEIPFALCFGVPPAAILVSSMPIPEGVSESDYVGAILGESVPVVKCETNDLMVPATSEMVFEGTLSLTDTHLEGPFGEMHGYVFKSQGHPCPLYTVKAMSYRDNAILPVSNPGLCTDETHTLIGSLVATEAKELAIESGLPILDAFMPYEAQALWLILKVDLKGLQALKTTPEEFCKKVGDIYFRTKVGFIVHEIILVADDIDIFNFKEVIWAYVTRHTPVADQMAFDDVTSFPLAPFVSQSSRSKTMKGGKCVTNCIFRQQYERSFDYITCNFEKGYPKGLVDKVNENWKRYGYK,12.4,saccharomyces cerevisiae
88,N#Cc1ccc(/C=C/C(=O)O)cc1,MRKLNPALEFRDFIQVLKDEDDLIEITEEIDPNLEVGAIMRKAYESHLPAPLFKNLKGASKDLFSILGCPAGLRSKEKGDHGRIAHHLGLDPKTTIKEIIDYLLECKEKEPLPPITVPVSSAPCKTHILSEEKIHLQSLPTPYLHVSDGGKYLQTYGMWILQTPDKKWTNWSIARGMVVDDKHITGLVIKPQHIRQIADSWAAIGKANEIPFALCFGVPPAAILVSSMPIPEGVSESDYVGAILGESVPVVKCETNDLMVPATSEMVFEGTLSLTDTHLEGPFGEMHGYVFKSQGHPCPLYTVKAMSYRDNAILPVSNPGLCTDETHTLIGSLVATEAKELAIESGLPILDAFMPYEAQALWLILKVDLKGLQALKTTPEEFCKKVGDIYFRTKVGFIVHEIILVADDIDIFNFKEVIWAYVTRHTPVADQMAFDDVTSFPLAPFVSQSSRSKTMKGGKCVTNCIFRQQYERSFDYITCNFEKGYPKGLVDKVNENWKRYGYK,12.8,saccharomyces cerevisiae
89,COc1cc(/C=C/C(=O)O)ccc1O,MRKLNPALEFRDFIQVLKDEDDLIEITEEIDPNLEVGAIMRKAYESHLPAPLFKNLKGASKDLFSILGCPAGLRSKEKGDHGRIAHHLGLDPKTTIKEIIDYLLECKEKEPLPPITVPVSSAPCKTHILSEEKIHLQSLPTPYLHVSDGGKYLQTYGMWILQTPDKKWTNWSIARGMVVDDKHITGLVIKPQHIRQIADSWAAIGKANEIPFALCFGVPPAAILVSSMPIPEGVSESDYVGAILGESVPVVKCETNDLMVPATSEMVFEGTLSLTDTHLEGPFGEMHGYVFKSQGHPCPLYTVKAMSYRDNAILPVSNPGLCTDETHTLIGSLVATEAKELAIESGLPILDAFMPYEAQALWLILKVDLKGLQALKTTPEEFCKKVGDIYFRTKVGFIVHEIILVADDIDIFNFKEVIWAYVTRHTPVADQMAFDDVTSFPLAPFVSQSSRSKTMKGGKCVTNCIFRQQYERSFDYITCNFEKGYPKGLVDKVNENWKRYGYK,13.6,saccharomyces cerevisiae
90,O=C(O)/C=C/c1ccc(Cl)cc1,MRKLNPALEFRDFIQVLKDEDDLIEITEEIDPNLEVGAIMRKAYESHLPAPLFKNLKGASKDLFSILGCPAGLRSKEKGDHGRIAHHLGLDPKTTIKEIIDYLLECKEKEPLPPITVPVSSAPCKTHILSEEKIHLQSLPTPYLHVSDGGKYLQTYGMWILQTPDKKWTNWSIARGMVVDDKHITGLVIKPQHIRQIADSWAAIGKANEIPFALCFGVPPAAILVSSMPIPEGVSESDYVGAILGESVPVVKCETNDLMVPATSEMVFEGTLSLTDTHLEGPFGEMHGYVFKSQGHPCPLYTVKAMSYRDNAILPVSNPGLCTDETHTLIGSLVATEAKELAIESGLPILDAFMPYEAQALWLILKVDLKGLQALKTTPEEFCKKVGDIYFRTKVGFIVHEIILVADDIDIFNFKEVIWAYVTRHTPVADQMAFDDVTSFPLAPFVSQSSRSKTMKGGKCVTNCIFRQQYERSFDYITCNFEKGYPKGLVDKVNENWKRYGYK,19.7,saccharomyces cerevisiae
91,O=C(O)/C=C/c1ccccc1,MRKLNPALEFRDFIQVLKDEDDLIEITEEIDPNLEVGAIMRKAYESHLPAPLFKNLKGASKDLFSILGCPAGLRSKEKGDHGRIAHHLGLDPKTTIKEIIDYLLECKEKEPLPPITVPVSSAPCKTHILSEEKIHLQSLPTPYLHVSDGGKYLQTYGMWILQTPDKKWTNWSIARGMVVDDKHITGLVIKPQHIRQIADSWAAIGKANEIPFALCFGVPPAAILVSSMPIPEGVSESDYVGAILGESVPVVKCETNDLMVPATSEMVFEGTLSLTDTHLEGPFGEMHGYVFKSQGHPCPLYTVKAMSYRDNAILPVSNPGLCTDETHTLIGSLVATEAKELAIESGLPILDAFMPYEAQALWLILKVDLKGLQALKTTPEEFCKKVGDIYFRTKVGFIVHEIILVADDIDIFNFKEVIWAYVTRHTPVADQMAFDDVTSFPLAPFVSQSSRSKTMKGGKCVTNCIFRQQYERSFDYITCNFEKGYPKGLVDKVNENWKRYGYK,22.75,saccharomyces cerevisiae
92,O=C(O)/C=C/c1ccc(Br)cc1,MRKLNPALEFRDFIQVLKDEDDLIEITEEIDPNLEVGAIMRKAYESHLPAPLFKNLKGASKDLFSILGCPAGLRSKEKGDHGRIAHHLGLDPKTTIKEIIDYLLECKEKEPLPPITVPVSSAPCKTHILSEEKIHLQSLPTPYLHVSDGGKYLQTYGMWILQTPDKKWTNWSIARGMVVDDKHITGLVIKPQHIRQIADSWAAIGKANEIPFALCFGVPPAAILVSSMPIPEGVSESDYVGAILGESVPVVKCETNDLMVPATSEMVFEGTLSLTDTHLEGPFGEMHGYVFKSQGHPCPLYTVKAMSYRDNAILPVSNPGLCTDETHTLIGSLVATEAKELAIESGLPILDAFMPYEAQALWLILKVDLKGLQALKTTPEEFCKKVGDIYFRTKVGFIVHEIILVADDIDIFNFKEVIWAYVTRHTPVADQMAFDDVTSFPLAPFVSQSSRSKTMKGGKCVTNCIFRQQYERSFDYITCNFEKGYPKGLVDKVNENWKRYGYK,21.4,saccharomyces cerevisiae
93,COc1cccc(/C=C/C(=O)O)c1,MRKLNPALEFRDFIQVLKDEDDLIEITEEIDPNLEVGAIMRKAYESHLPAPLFKNLKGASKDLFSILGCPAGLRSKEKGDHGRIAHHLGLDPKTTIKEIIDYLLECKEKEPLPPITVPVSSAPCKTHILSEEKIHLQSLPTPYLHVSDGGKYLQTYGMWILQTPDKKWTNWSIARGMVVDDKHITGLVIKPQHIRQIADSWAAIGKANEIPFALCFGVPPAAILVSSMPIPEGVSESDYVGAILGESVPVVKCETNDLMVPATSEMVFEGTLSLTDTHLEGPFGEMHGYVFKSQGHPCPLYTVKAMSYRDNAILPVSNPGLCTDETHTLIGSLVATEAKELAIESGLPILDAFMPYEAQALWLILKVDLKGLQALKTTPEEFCKKVGDIYFRTKVGFIVHEIILVADDIDIFNFKEVIWAYVTRHTPVADQMAFDDVTSFPLAPFVSQSSRSKTMKGGKCVTNCIFRQQYERSFDYITCNFEKGYPKGLVDKVNENWKRYGYK,27.0,saccharomyces cerevisiae
94,Cc1ccc(/C=C/C(=O)O)cc1,MRKLNPALEFRDFIQVLKDEDDLIEITEEIDPNLEVGAIMRKAYESHLPAPLFKNLKGASKDLFSILGCPAGLRSKEKGDHGRIAHHLGLDPKTTIKEIIDYLLECKEKEPLPPITVPVSSAPCKTHILSEEKIHLQSLPTPYLHVSDGGKYLQTYGMWILQTPDKKWTNWSIARGMVVDDKHITGLVIKPQHIRQIADSWAAIGKANEIPFALCFGVPPAAILVSSMPIPEGVSESDYVGAILGESVPVVKCETNDLMVPATSEMVFEGTLSLTDTHLEGPFGEMHGYVFKSQGHPCPLYTVKAMSYRDNAILPVSNPGLCTDETHTLIGSLVATEAKELAIESGLPILDAFMPYEAQALWLILKVDLKGLQALKTTPEEFCKKVGDIYFRTKVGFIVHEIILVADDIDIFNFKEVIWAYVTRHTPVADQMAFDDVTSFPLAPFVSQSSRSKTMKGGKCVTNCIFRQQYERSFDYITCNFEKGYPKGLVDKVNENWKRYGYK,27.0,saccharomyces cerevisiae
95,O=C(O)/C=C/c1ccc(F)cc1,MRKLNPALEFRDFIQVLKDEDDLIEITEEIDPNLEVGAIMRKAYESHLPAPLFKNLKGASKDLFSILGCPAGLRSKEKGDHGRIAHHLGLDPKTTIKEIIDYLLECKEKEPLPPITVPVSSAPCKTHILSEEKIHLQSLPTPYLHVSDGGKYLQTYGMWILQTPDKKWTNWSIARGMVVDDKHITGLVIKPQHIRQIADSWAAIGKANEIPFALCFGVPPAAILVSSMPIPEGVSESDYVGAILGESVPVVKCETNDLMVPATSEMVFEGTLSLTDTHLEGPFGEMHGYVFKSQGHPCPLYTVKAMSYRDNAILPVSNPGLCTDETHTLIGSLVATEAKELAIESGLPILDAFMPYEAQALWLILKVDLKGLQALKTTPEEFCKKVGDIYFRTKVGFIVHEIILVADDIDIFNFKEVIWAYVTRHTPVADQMAFDDVTSFPLAPFVSQSSRSKTMKGGKCVTNCIFRQQYERSFDYITCNFEKGYPKGLVDKVNENWKRYGYK,27.5,saccharomyces cerevisiae
96,COc1ccc(/C=C/C(=O)O)cc1,MRKLNPALEFRDFIQVLKDEDDLIEITEEIDPNLEVGAIMRKAYESHLPAPLFKNLKGASKDLFSILGCPAGLRSKEKGDHGRIAHHLGLDPKTTIKEIIDYLLECKEKEPLPPITVPVSSAPCKTHILSEEKIHLQSLPTPYLHVSDGGKYLQTYGMWILQTPDKKWTNWSIARGMVVDDKHITGLVIKPQHIRQIADSWAAIGKANEIPFALCFGVPPAAILVSSMPIPEGVSESDYVGAILGESVPVVKCETNDLMVPATSEMVFEGTLSLTDTHLEGPFGEMHGYVFKSQGHPCPLYTVKAMSYRDNAILPVSNPGLCTDETHTLIGSLVATEAKELAIESGLPILDAFMPYEAQALWLILKVDLKGLQALKTTPEEFCKKVGDIYFRTKVGFIVHEIILVADDIDIFNFKEVIWAYVTRHTPVADQMAFDDVTSFPLAPFVSQSSRSKTMKGGKCVTNCIFRQQYERSFDYITCNFEKGYPKGLVDKVNENWKRYGYK,28.1,saccharomyces cerevisiae
97,O=C(O)c1cc(=O)[nH]c(=O)[nH]1,MSKATYKERAATHPSPVAAKLFNIMHEKQTNLCASLDVRTTKELLELVEALGPKICLLKTHVDILTDFSMEGTVKPLKALSAKYNFLLFEDRKFADIGNTVKLQYSAGVYRIAEWADITNAHGVVGPGIVSGLKQAAEEVTKEPRGLLMLAELSCKGSLATGEYTKGTVDIAKSDKDFVIGFIAQRDMGGRDEGYDWLIMTPGVGLDDKGDALGQQYRTVDDVVSTGSDIIIVGRGLFAKGRDAKVEGERYRKAGWEAYLRRCGQQN,3e-07,saccharomyces cerevisiae
98,O=C(O)c1cc(=O)[nH]c(=O)n1[C@@H]1OC[C@@H](O)[C@H]1O,MSKATYKERAATHPSPVAAKLFNIMHEKQTNLCASLDVRTTKELLELVEALGPKICLLKTHVDILTDFSMEGTVKPLKALSAKYNFLLFEDRKFADIGNTVKLQYSAGVYRIAEWADITNAHGVVGPGIVSGLKQAAEEVTKEPRGLLMLAELSCKGSLATGEYTKGTVDIAKSDKDFVIGFIAQRDMGGRDEGYDWLIMTPGVGLDDKGDALGQQYRTVDDVVSTGSDIIIVGRGLFAKGRDAKVEGERYRKAGWEAYLRRCGQQN,2e-05,saccharomyces cerevisiae
99,O=C(O)c1cc(=O)[nH]c(=O)n1[C@@H]1O[C@H](COP(=O)(O)O)[C@@H](O)[C@H]1O,MSKATYKERAATHPSPVAAKLFNIMHEKQTNLCASLDVRTTKELLELVEALGPKICLLKTHVDILTDFSMEGTVKPLKALSAKYNFLLFEDRKFADIGNTVKLQYSAGVYRIAEWADITNAHGVVGPGIVSGLKQAAEEVTKEPRGLLMLAELSCKGSLATGEYTKGTVDIAKSDKDFVIGFIAQRDMGGRDEGYDWLIMTPGVGLDDKGDALGQQYRTVDDVVSTGSDIIIVGRGLFAKGRDAKVEGERYRKAGWEAYLRRCGQQN,1271.592,saccharomyces cerevisiae
100,O=C(O)c1[nH]c(=O)[nH]c(=O)c1F,MSKATYKERAATHPSPVAAKLFNIMHEKQTNLCASLDVRTTKELLELVEALGPKICLLKTHVDILTDFSMEGTVKPLKALSAKYNFLLFEDRKFADIGNTVKLQYSAGVYRIAEWADITNAHGVVGPGIVSGLKQAAEEVTKEPRGLLMLAELSCKGSLATGEYTKGTVDIAKSDKDFVIGFIAQRDMGGRDEGYDWLIMTPGVGLDDKGDALGQQYRTVDDVVSTGSDIIIVGRGLFAKGRDAKVEGERYRKAGWEAYLRRCGQQN,0.00014,saccharomyces cerevisiae
101,O=C(O)c1c(F)c(=O)[nH]c(=O)n1[C@@H]1O[C@H](COP(=O)(O)O)[C@@H](O)[C@H]1O,MSKATYKERAATHPSPVAAKLFNIMHEKQTNLCASLDVRTTKELLELVEALGPKICLLKTHVDILTDFSMEGTVKPLKALSAKYNFLLFEDRKFADIGNTVKLQYSAGVYRIAEWADITNAHGVVGPGIVSGLKQAAEEVTKEPRGLLMLAELSCKGSLATGEYTKGTVDIAKSDKDFVIGFIAQRDMGGRDEGYDWLIMTPGVGLDDKGDALGQQYRTVDDVVSTGSDIIIVGRGLFAKGRDAKVEGERYRKAGWEAYLRRCGQQN,1407.1525,saccharomyces cerevisiae
102,CC(=O)C(=O)O,MAPVTIEKFVNQEERHLVSNRSATIPFGEYIFKRLLSIDTKSVFGVPGDFNLSLLEYLYSPSVESAGLRWVGTCNELNAAYAADGYSRYSNKIGCLITTYGVGELSALNGIAGSFAENVKVLHIVGVAKSIDSRSSNFSDRNLHHLVPQLHDSNFKGPNHKVYHDMVKDRVACSVAYLEDIETACDQVDNVIRDIYKYSKPGYIFVPADFADMSVTCDNLVNVPRISQQDCIVYPSENQLSDIINKITSWIYSSKTPAILGDVLTDRYGVSNFLNKLICKTGIWNFSTVMGKSVIDESNPTYMGQYNGKEGLKQVYEHFELCDLVLHFGVDINEINNGHYTFTYKPNAKIIQFHPNYIRLVDTRQGNEQMFKGINFAPILKELYKRIDVSKLSLQYDSNVTQYTNETMRLEDPTNGQSSIITQVHLQKTMPKFLNPGDVVVCETGSFQFSVRDFAFPSQLKYISQGFFLSIGMALPAALGVGIAMQDHSNAHINGGNVKEDYKPRLILFEGDGAAQMTIQELSTILKCNIPLEVIIWNNNGYTIERAIMGPTRSYNDVMSWKWTKLFEAFGDFDGKYTNSTLIQCPSKLALKLEELKNSNKRSGIELLEVKLGELDFPEQLKCMVEAAALKRNKK,0.038999997,saccharomyces cerevisiae
103,CCC(=O)C(=O)O,MAPVTIEKFVNQEERHLVSNRSATIPFGEYIFKRLLSIDTKSVFGVPGDFNLSLLEYLYSPSVESAGLRWVGTCNELNAAYAADGYSRYSNKIGCLITTYGVGELSALNGIAGSFAENVKVLHIVGVAKSIDSRSSNFSDRNLHHLVPQLHDSNFKGPNHKVYHDMVKDRVACSVAYLEDIETACDQVDNVIRDIYKYSKPGYIFVPADFADMSVTCDNLVNVPRISQQDCIVYPSENQLSDIINKITSWIYSSKTPAILGDVLTDRYGVSNFLNKLICKTGIWNFSTVMGKSVIDESNPTYMGQYNGKEGLKQVYEHFELCDLVLHFGVDINEINNGHYTFTYKPNAKIIQFHPNYIRLVDTRQGNEQMFKGINFAPILKELYKRIDVSKLSLQYDSNVTQYTNETMRLEDPTNGQSSIITQVHLQKTMPKFLNPGDVVVCETGSFQFSVRDFAFPSQLKYISQGFFLSIGMALPAALGVGIAMQDHSNAHINGGNVKEDYKPRLILFEGDGAAQMTIQELSTILKCNIPLEVIIWNNNGYTIERAIMGPTRSYNDVMSWKWTKLFEAFGDFDGKYTNSTLIQCPSKLALKLEELKNSNKRSGIELLEVKLGELDFPEQLKCMVEAAALKRNKK,0.21274999,saccharomyces cerevisiae
104,O=C(O)C(=O)Cc1ccccc1,MAPVTIEKFVNQEERHLVSNRSATIPFGEYIFKRLLSIDTKSVFGVPGDFNLSLLEYLYSPSVESAGLRWVGTCNELNAAYAADGYSRYSNKIGCLITTYGVGELSALNGIAGSFAENVKVLHIVGVAKSIDSRSSNFSDRNLHHLVPQLHDSNFKGPNHKVYHDMVKDRVACSVAYLEDIETACDQVDNVIRDIYKYSKPGYIFVPADFADMSVTCDNLVNVPRISQQDCIVYPSENQLSDIINKITSWIYSSKTPAILGDVLTDRYGVSNFLNKLICKTGIWNFSTVMGKSVIDESNPTYMGQYNGKEGLKQVYEHFELCDLVLHFGVDINEINNGHYTFTYKPNAKIIQFHPNYIRLVDTRQGNEQMFKGINFAPILKELYKRIDVSKLSLQYDSNVTQYTNETMRLEDPTNGQSSIITQVHLQKTMPKFLNPGDVVVCETGSFQFSVRDFAFPSQLKYISQGFFLSIGMALPAALGVGIAMQDHSNAHINGGNVKEDYKPRLILFEGDGAAQMTIQELSTILKCNIPLEVIIWNNNGYTIERAIMGPTRSYNDVMSWKWTKLFEAFGDFDGKYTNSTLIQCPSKLALKLEELKNSNKRSGIELLEVKLGELDFPEQLKCMVEAAALKRNKK,67.043335,saccharomyces cerevisiae
105,O=C(O)C(=O)c1ccccc1,MAPVTIEKFVNQEERHLVSNRSATIPFGEYIFKRLLSIDTKSVFGVPGDFNLSLLEYLYSPSVESAGLRWVGTCNELNAAYAADGYSRYSNKIGCLITTYGVGELSALNGIAGSFAENVKVLHIVGVAKSIDSRSSNFSDRNLHHLVPQLHDSNFKGPNHKVYHDMVKDRVACSVAYLEDIETACDQVDNVIRDIYKYSKPGYIFVPADFADMSVTCDNLVNVPRISQQDCIVYPSENQLSDIINKITSWIYSSKTPAILGDVLTDRYGVSNFLNKLICKTGIWNFSTVMGKSVIDESNPTYMGQYNGKEGLKQVYEHFELCDLVLHFGVDINEINNGHYTFTYKPNAKIIQFHPNYIRLVDTRQGNEQMFKGINFAPILKELYKRIDVSKLSLQYDSNVTQYTNETMRLEDPTNGQSSIITQVHLQKTMPKFLNPGDVVVCETGSFQFSVRDFAFPSQLKYISQGFFLSIGMALPAALGVGIAMQDHSNAHINGGNVKEDYKPRLILFEGDGAAQMTIQELSTILKCNIPLEVIIWNNNGYTIERAIMGPTRSYNDVMSWKWTKLFEAFGDFDGKYTNSTLIQCPSKLALKLEELKNSNKRSGIELLEVKLGELDFPEQLKCMVEAAALKRNKK,0.35,saccharomyces cerevisiae
106,CCCC(=O)C(=O)O,MAPVTIEKFVNQEERHLVSNRSATIPFGEYIFKRLLSIDTKSVFGVPGDFNLSLLEYLYSPSVESAGLRWVGTCNELNAAYAADGYSRYSNKIGCLITTYGVGELSALNGIAGSFAENVKVLHIVGVAKSIDSRSSNFSDRNLHHLVPQLHDSNFKGPNHKVYHDMVKDRVACSVAYLEDIETACDQVDNVIRDIYKYSKPGYIFVPADFADMSVTCDNLVNVPRISQQDCIVYPSENQLSDIINKITSWIYSSKTPAILGDVLTDRYGVSNFLNKLICKTGIWNFSTVMGKSVIDESNPTYMGQYNGKEGLKQVYEHFELCDLVLHFGVDINEINNGHYTFTYKPNAKIIQFHPNYIRLVDTRQGNEQMFKGINFAPILKELYKRIDVSKLSLQYDSNVTQYTNETMRLEDPTNGQSSIITQVHLQKTMPKFLNPGDVVVCETGSFQFSVRDFAFPSQLKYISQGFFLSIGMALPAALGVGIAMQDHSNAHINGGNVKEDYKPRLILFEGDGAAQMTIQELSTILKCNIPLEVIIWNNNGYTIERAIMGPTRSYNDVMSWKWTKLFEAFGDFDGKYTNSTLIQCPSKLALKLEELKNSNKRSGIELLEVKLGELDFPEQLKCMVEAAALKRNKK,2.42,saccharomyces cerevisiae
107,CCCCC(=O)C(=O)O,MAPVTIEKFVNQEERHLVSNRSATIPFGEYIFKRLLSIDTKSVFGVPGDFNLSLLEYLYSPSVESAGLRWVGTCNELNAAYAADGYSRYSNKIGCLITTYGVGELSALNGIAGSFAENVKVLHIVGVAKSIDSRSSNFSDRNLHHLVPQLHDSNFKGPNHKVYHDMVKDRVACSVAYLEDIETACDQVDNVIRDIYKYSKPGYIFVPADFADMSVTCDNLVNVPRISQQDCIVYPSENQLSDIINKITSWIYSSKTPAILGDVLTDRYGVSNFLNKLICKTGIWNFSTVMGKSVIDESNPTYMGQYNGKEGLKQVYEHFELCDLVLHFGVDINEINNGHYTFTYKPNAKIIQFHPNYIRLVDTRQGNEQMFKGINFAPILKELYKRIDVSKLSLQYDSNVTQYTNETMRLEDPTNGQSSIITQVHLQKTMPKFLNPGDVVVCETGSFQFSVRDFAFPSQLKYISQGFFLSIGMALPAALGVGIAMQDHSNAHINGGNVKEDYKPRLILFEGDGAAQMTIQELSTILKCNIPLEVIIWNNNGYTIERAIMGPTRSYNDVMSWKWTKLFEAFGDFDGKYTNSTLIQCPSKLALKLEELKNSNKRSGIELLEVKLGELDFPEQLKCMVEAAALKRNKK,5.604,saccharomyces cerevisiae
108,CC(C)C(=O)C(=O)O,MAPVTIEKFVNQEERHLVSNRSATIPFGEYIFKRLLSIDTKSVFGVPGDFNLSLLEYLYSPSVESAGLRWVGTCNELNAAYAADGYSRYSNKIGCLITTYGVGELSALNGIAGSFAENVKVLHIVGVAKSIDSRSSNFSDRNLHHLVPQLHDSNFKGPNHKVYHDMVKDRVACSVAYLEDIETACDQVDNVIRDIYKYSKPGYIFVPADFADMSVTCDNLVNVPRISQQDCIVYPSENQLSDIINKITSWIYSSKTPAILGDVLTDRYGVSNFLNKLICKTGIWNFSTVMGKSVIDESNPTYMGQYNGKEGLKQVYEHFELCDLVLHFGVDINEINNGHYTFTYKPNAKIIQFHPNYIRLVDTRQGNEQMFKGINFAPILKELYKRIDVSKLSLQYDSNVTQYTNETMRLEDPTNGQSSIITQVHLQKTMPKFLNPGDVVVCETGSFQFSVRDFAFPSQLKYISQGFFLSIGMALPAALGVGIAMQDHSNAHINGGNVKEDYKPRLILFEGDGAAQMTIQELSTILKCNIPLEVIIWNNNGYTIERAIMGPTRSYNDVMSWKWTKLFEAFGDFDGKYTNSTLIQCPSKLALKLEELKNSNKRSGIELLEVKLGELDFPEQLKCMVEAAALKRNKK,2.2,saccharomyces cerevisiae
109,CCC(C)C(=O)C(=O)O,MAPVTIEKFVNQEERHLVSNRSATIPFGEYIFKRLLSIDTKSVFGVPGDFNLSLLEYLYSPSVESAGLRWVGTCNELNAAYAADGYSRYSNKIGCLITTYGVGELSALNGIAGSFAENVKVLHIVGVAKSIDSRSSNFSDRNLHHLVPQLHDSNFKGPNHKVYHDMVKDRVACSVAYLEDIETACDQVDNVIRDIYKYSKPGYIFVPADFADMSVTCDNLVNVPRISQQDCIVYPSENQLSDIINKITSWIYSSKTPAILGDVLTDRYGVSNFLNKLICKTGIWNFSTVMGKSVIDESNPTYMGQYNGKEGLKQVYEHFELCDLVLHFGVDINEINNGHYTFTYKPNAKIIQFHPNYIRLVDTRQGNEQMFKGINFAPILKELYKRIDVSKLSLQYDSNVTQYTNETMRLEDPTNGQSSIITQVHLQKTMPKFLNPGDVVVCETGSFQFSVRDFAFPSQLKYISQGFFLSIGMALPAALGVGIAMQDHSNAHINGGNVKEDYKPRLILFEGDGAAQMTIQELSTILKCNIPLEVIIWNNNGYTIERAIMGPTRSYNDVMSWKWTKLFEAFGDFDGKYTNSTLIQCPSKLALKLEELKNSNKRSGIELLEVKLGELDFPEQLKCMVEAAALKRNKK,3.5,saccharomyces cerevisiae
110,CC(C)CC(=O)C(=O)O,MAPVTIEKFVNQEERHLVSNRSATIPFGEYIFKRLLSIDTKSVFGVPGDFNLSLLEYLYSPSVESAGLRWVGTCNELNAAYAADGYSRYSNKIGCLITTYGVGELSALNGIAGSFAENVKVLHIVGVAKSIDSRSSNFSDRNLHHLVPQLHDSNFKGPNHKVYHDMVKDRVACSVAYLEDIETACDQVDNVIRDIYKYSKPGYIFVPADFADMSVTCDNLVNVPRISQQDCIVYPSENQLSDIINKITSWIYSSKTPAILGDVLTDRYGVSNFLNKLICKTGIWNFSTVMGKSVIDESNPTYMGQYNGKEGLKQVYEHFELCDLVLHFGVDINEINNGHYTFTYKPNAKIIQFHPNYIRLVDTRQGNEQMFKGINFAPILKELYKRIDVSKLSLQYDSNVTQYTNETMRLEDPTNGQSSIITQVHLQKTMPKFLNPGDVVVCETGSFQFSVRDFAFPSQLKYISQGFFLSIGMALPAALGVGIAMQDHSNAHINGGNVKEDYKPRLILFEGDGAAQMTIQELSTILKCNIPLEVIIWNNNGYTIERAIMGPTRSYNDVMSWKWTKLFEAFGDFDGKYTNSTLIQCPSKLALKLEELKNSNKRSGIELLEVKLGELDFPEQLKCMVEAAALKRNKK,11.0,saccharomyces cerevisiae
111,CSCCC(=O)C(=O)O,MAPVTIEKFVNQEERHLVSNRSATIPFGEYIFKRLLSIDTKSVFGVPGDFNLSLLEYLYSPSVESAGLRWVGTCNELNAAYAADGYSRYSNKIGCLITTYGVGELSALNGIAGSFAENVKVLHIVGVAKSIDSRSSNFSDRNLHHLVPQLHDSNFKGPNHKVYHDMVKDRVACSVAYLEDIETACDQVDNVIRDIYKYSKPGYIFVPADFADMSVTCDNLVNVPRISQQDCIVYPSENQLSDIINKITSWIYSSKTPAILGDVLTDRYGVSNFLNKLICKTGIWNFSTVMGKSVIDESNPTYMGQYNGKEGLKQVYEHFELCDLVLHFGVDINEINNGHYTFTYKPNAKIIQFHPNYIRLVDTRQGNEQMFKGINFAPILKELYKRIDVSKLSLQYDSNVTQYTNETMRLEDPTNGQSSIITQVHLQKTMPKFLNPGDVVVCETGSFQFSVRDFAFPSQLKYISQGFFLSIGMALPAALGVGIAMQDHSNAHINGGNVKEDYKPRLILFEGDGAAQMTIQELSTILKCNIPLEVIIWNNNGYTIERAIMGPTRSYNDVMSWKWTKLFEAFGDFDGKYTNSTLIQCPSKLALKLEELKNSNKRSGIELLEVKLGELDFPEQLKCMVEAAALKRNKK,12.0,saccharomyces cerevisiae
112,O=C(O)C(=O)CCc1ccccc1,MAPVTIEKFVNQEERHLVSNRSATIPFGEYIFKRLLSIDTKSVFGVPGDFNLSLLEYLYSPSVESAGLRWVGTCNELNAAYAADGYSRYSNKIGCLITTYGVGELSALNGIAGSFAENVKVLHIVGVAKSIDSRSSNFSDRNLHHLVPQLHDSNFKGPNHKVYHDMVKDRVACSVAYLEDIETACDQVDNVIRDIYKYSKPGYIFVPADFADMSVTCDNLVNVPRISQQDCIVYPSENQLSDIINKITSWIYSSKTPAILGDVLTDRYGVSNFLNKLICKTGIWNFSTVMGKSVIDESNPTYMGQYNGKEGLKQVYEHFELCDLVLHFGVDINEINNGHYTFTYKPNAKIIQFHPNYIRLVDTRQGNEQMFKGINFAPILKELYKRIDVSKLSLQYDSNVTQYTNETMRLEDPTNGQSSIITQVHLQKTMPKFLNPGDVVVCETGSFQFSVRDFAFPSQLKYISQGFFLSIGMALPAALGVGIAMQDHSNAHINGGNVKEDYKPRLILFEGDGAAQMTIQELSTILKCNIPLEVIIWNNNGYTIERAIMGPTRSYNDVMSWKWTKLFEAFGDFDGKYTNSTLIQCPSKLALKLEELKNSNKRSGIELLEVKLGELDFPEQLKCMVEAAALKRNKK,19.0,saccharomyces cerevisiae
113,O=C(O)C(=O)Cc1ccc(O)cc1,MAPVTIEKFVNQEERHLVSNRSATIPFGEYIFKRLLSIDTKSVFGVPGDFNLSLLEYLYSPSVESAGLRWVGTCNELNAAYAADGYSRYSNKIGCLITTYGVGELSALNGIAGSFAENVKVLHIVGVAKSIDSRSSNFSDRNLHHLVPQLHDSNFKGPNHKVYHDMVKDRVACSVAYLEDIETACDQVDNVIRDIYKYSKPGYIFVPADFADMSVTCDNLVNVPRISQQDCIVYPSENQLSDIINKITSWIYSSKTPAILGDVLTDRYGVSNFLNKLICKTGIWNFSTVMGKSVIDESNPTYMGQYNGKEGLKQVYEHFELCDLVLHFGVDINEINNGHYTFTYKPNAKIIQFHPNYIRLVDTRQGNEQMFKGINFAPILKELYKRIDVSKLSLQYDSNVTQYTNETMRLEDPTNGQSSIITQVHLQKTMPKFLNPGDVVVCETGSFQFSVRDFAFPSQLKYISQGFFLSIGMALPAALGVGIAMQDHSNAHINGGNVKEDYKPRLILFEGDGAAQMTIQELSTILKCNIPLEVIIWNNNGYTIERAIMGPTRSYNDVMSWKWTKLFEAFGDFDGKYTNSTLIQCPSKLALKLEELKNSNKRSGIELLEVKLGELDFPEQLKCMVEAAALKRNKK,125.0,saccharomyces cerevisiae
114,O=C([O-])C(=O)Cc1c[nH]c2ccccc12,MAPVTIEKFVNQEERHLVSNRSATIPFGEYIFKRLLSIDTKSVFGVPGDFNLSLLEYLYSPSVESAGLRWVGTCNELNAAYAADGYSRYSNKIGCLITTYGVGELSALNGIAGSFAENVKVLHIVGVAKSIDSRSSNFSDRNLHHLVPQLHDSNFKGPNHKVYHDMVKDRVACSVAYLEDIETACDQVDNVIRDIYKYSKPGYIFVPADFADMSVTCDNLVNVPRISQQDCIVYPSENQLSDIINKITSWIYSSKTPAILGDVLTDRYGVSNFLNKLICKTGIWNFSTVMGKSVIDESNPTYMGQYNGKEGLKQVYEHFELCDLVLHFGVDINEINNGHYTFTYKPNAKIIQFHPNYIRLVDTRQGNEQMFKGINFAPILKELYKRIDVSKLSLQYDSNVTQYTNETMRLEDPTNGQSSIITQVHLQKTMPKFLNPGDVVVCETGSFQFSVRDFAFPSQLKYISQGFFLSIGMALPAALGVGIAMQDHSNAHINGGNVKEDYKPRLILFEGDGAAQMTIQELSTILKCNIPLEVIIWNNNGYTIERAIMGPTRSYNDVMSWKWTKLFEAFGDFDGKYTNSTLIQCPSKLALKLEELKNSNKRSGIELLEVKLGELDFPEQLKCMVEAAALKRNKK,200.0,saccharomyces cerevisiae
115,C[C@@H](O)[C@H](N)C(=O)O,MTEFELPPKYITAANDLRSDTFTTPTAEMMEAALEASIGDAVYGEDVDTVRLEQTVARMAGKEAGLFCVSGTLSNQIAIRTHLMQPPYSILCDYRAHVYTHEAAGLAILSQAMVVPVVPSNGDYLTLEDIKSHYVPDDGDIHGAPTRLISLENTLHGIVYPLEELVRIKAWCMENGLKLHCDGARIWNAAAQSGVPLKQYGEIFDSISICLSKSMGAPIGSVLVGNLKFVKKATHFRKQQGGGIRQSGMMARMALVNINNDWKSQLLYSHSLAHELAEYCEAKGIPLESPADTNFVFINLKAARMDPDVLVKKGLKYNVKLMGGRVSFHYQVTRDTLEKVKLAISEAFDYAKEHPFDCNGPTQIYRSESTEVDVDGNAIREIKTYKY,0.78,saccharomyces cerevisiae
116,C[C@H](O)[C@H](N)C(=O)O,MTEFELPPKYITAANDLRSDTFTTPTAEMMEAALEASIGDAVYGEDVDTVRLEQTVARMAGKEAGLFCVSGTLSNQIAIRTHLMQPPYSILCDYRAHVYTHEAAGLAILSQAMVVPVVPSNGDYLTLEDIKSHYVPDDGDIHGAPTRLISLENTLHGIVYPLEELVRIKAWCMENGLKLHCDGARIWNAAAQSGVPLKQYGEIFDSISICLSKSMGAPIGSVLVGNLKFVKKATHFRKQQGGGIRQSGMMARMALVNINNDWKSQLLYSHSLAHELAEYCEAKGIPLESPADTNFVFINLKAARMDPDVLVKKGLKYNVKLMGGRVSFHYQVTRDTLEKVKLAISEAFDYAKEHPFDCNGPTQIYRSESTEVDVDGNAIREIKTYKY,4.1,saccharomyces cerevisiae
117,CC(=O)C=O,MAPKKVLLALTSYNDVFYSDGAKTGVFVVEALHPFNTFRKEGFEVDFVSETGKFGWDEHSLAKDFLNGQDETDFKNKDSDFNKTLAKIKTPKEVNADDYQIFFASAGHGTLFDYPKAKDLQDIASEIYANGGVVAAVCHGPAIFDGLTDKKTGRPLIEGKSITGFTDVGETILGVDSILKAKNLATVEDVAKKYGAKYLAPVGPWDDYSITDGRLVTGVNPASAHSTAVRSIDALKN,0.85,saccharomyces cerevisiae
118,N[C@H](CO)C(=O)O,MSDVLSQYKGCSVRDLPTPNFVINEEKFDKNCTTMLNNVEKLSQECGVPIKFRAHVKTHKTAKGTLKQLGHGLPLAKRTTRAILVSTLKEAEELLNYQDRQCSDYIDDITYSLPCCVPEFIPLLSNLSRRVNNFQVFVDNIEHLENLKNFGRPASGKKWSVFIKVDMGTKRAGLAFDSPEFLSLLKKLTSSEIKEVIEPYGFYAHAGHSYSSTSINDTQNLLMEEVKAVNSAAKVLCSVDPQFDPSKLTLSVGATPTSNSLKLDNKSTLVKFITTQLVSTLEIHCGNYCMYDLQQVATGCVQDHELSGFVLGTVLSSYPSRGELLSNTGVMCLTREASSIKGFGICADLEHVLKSESFSREWYVARVSQEHGILRPIRNWNETTPLKLGSKIAVLPQHACITMGQFPYYFVVNSEGIVNDVWLPFQKW,14.015286,saccharomyces cerevisiae
119,NC(=O)CC[C@H](N)C(=O)O,MPVVHVIDVESGNLQSLTNAIEHLGYEVQLVKSPKDFNISGTSRLILPGVGNYGHFVDNLFNRGFEKPIREYIESGKPIMGICVGLQALFAGSVESPKSTGLNYIDFKLSRFDDSEKPVPEIGWNSCIPSENLFFGLDPYKRYYFVHSFAAILNSEKKKNLENDGWKIAKAKYGSEEFIAAVNKNNIFATQFHPEKSGKAGLNVIENFLKQQSPPIPNYSAEEKELLMNDYSNYGLTRRIIACLDVRTNDQGDLVVTKGDQYDVREKSDGKGVRNLGKPVQLAQKYYQQGADEVTFLNITSFRDCPLKDTPMLEVLKQAAKTVFVPLTVGGGIKDIVDVDGTKIPALEVASLYFRSGADKVSIGTDAVYAAEKYYELGNRGDGTSPIETISKAYGAQAVVISVDPKRVYVNSQADTKNKVFETEYPGPNGEKYCWYQCTIKGGRESRDLGVWELTRACEALGAGEILLNCIDKDGSNSGYDLELIEHVKDAVKIPVIASSGAGVPEHFEEAFLKTRADACLGAGMFHRGEFTVNDVKEYLLEHGLKVRMDEE,1.00957,saccharomyces cerevisiae
120,NC(=O)c1ncn([C@@H]2O[C@H](COP(=O)(O)O)[C@@H](O)[C@H]2O)c1N/C=N/CC(=O)[C@H](O)[C@H](O)COP(=O)(O)O,MPVVHVIDVESGNLQSLTNAIEHLGYEVQLVKSPKDFNISGTSRLILPGVGNYGHFVDNLFNRGFEKPIREYIESGKPIMGICVGLQALFAGSVESPKSTGLNYIDFKLSRFDDSEKPVPEIGWNSCIPSENLFFGLDPYKRYYFVHSFAAILNSEKKKNLENDGWKIAKAKYGSEEFIAAVNKNNIFATQFHPEKSGKAGLNVIENFLKQQSPPIPNYSAEEKELLMNDYSNYGLTRRIIACLDVRTNDQGDLVVTKGDQYDVREKSDGKGVRNLGKPVQLAQKYYQQGADEVTFLNITSFRDCPLKDTPMLEVLKQAAKTVFVPLTVGGGIKDIVDVDGTKIPALEVASLYFRSGADKVSIGTDAVYAAEKYYELGNRGDGTSPIETISKAYGAQAVVISVDPKRVYVNSQADTKNKVFETEYPGPNGEKYCWYQCTIKGGRESRDLGVWELTRACEALGAGEILLNCIDKDGSNSGYDLELIEHVKDAVKIPVIASSGAGVPEHFEEAFLKTRADACLGAGMFHRGEFTVNDVKEYLLEHGLKVRMDEE,225.87466,saccharomyces cerevisiae
121,[NH4+],MPVVHVIDVESGNLQSLTNAIEHLGYEVQLVKSPKDFNISGTSRLILPGVGNYGHFVDNLFNRGFEKPIREYIESGKPIMGICVGLQALFAGSVESPKSTGLNYIDFKLSRFDDSEKPVPEIGWNSCIPSENLFFGLDPYKRYYFVHSFAAILNSEKKKNLENDGWKIAKAKYGSEEFIAAVNKNNIFATQFHPEKSGKAGLNVIENFLKQQSPPIPNYSAEEKELLMNDYSNYGLTRRIIACLDVRTNDQGDLVVTKGDQYDVREKSDGKGVRNLGKPVQLAQKYYQQGADEVTFLNITSFRDCPLKDTPMLEVLKQAAKTVFVPLTVGGGIKDIVDVDGTKIPALEVASLYFRSGADKVSIGTDAVYAAEKYYELGNRGDGTSPIETISKAYGAQAVVISVDPKRVYVNSQADTKNKVFETEYPGPNGEKYCWYQCTIKGGRESRDLGVWELTRACEALGAGEILLNCIDKDGSNSGYDLELIEHVKDAVKIPVIASSGAGVPEHFEEAFLKTRADACLGAGMFHRGEFTVNDVKEYLLEHGLKVRMDEE,0.024,saccharomyces cerevisiae
122,O=C(CO)CO[P@TB12](=O)(O)O,MARTFFVGGNFKLNGSKQSIKEIVERLNTASIPENVEVVICPPATYLDYSVSLVKKPQVTVGAQNAYLKASGAFTGENSVDQIKDVGAKWVILGHSERRSYFHEDDKFIADKTKFALGQGVGVILCIGETLEEKKAGKTLDVVERQLNAVLEEVKDWTNVVVAYEPVWAIGTGLAATPEDAQDIHASIRKFLASKLGDKAASELRILYGGSANGSNAVTFKDKADVDGFLVGGASLKPEFVDIINSRN,109.9075,saccharomyces cerevisiae
123,O=C[C@H](O)COP(=O)(O)O,MARTFFVGGNFKLNGSKQSIKEIVERLNTASIPENVEVVICPPATYLDYSVSLVKKPQVTVGAQNAYLKASGAFTGENSVDQIKDVGAKWVILGHSERRSYFHEDDKFIADKTKFALGQGVGVILCIGETLEEKKAGKTLDVVERQLNAVLEEVKDWTNVVVAYEPVWAIGTGLAATPEDAQDIHASIRKFLASKLGDKAASELRILYGGSANGSNAVTFKDKADVDGFLVGGASLKPEFVDIINSRN,1958.175,saccharomyces cerevisiae
124,C=C(C)CCOP(=O)(O)OP(=O)(O)O,MTADNNSMPHGAVSSYAKLVQNQTPEDILEEFPEIIPLQQRPNTRSSETSNDESGETCFSGHDEEQIKLMNENCIVLDWDDNAIGAGTKKVCHLMENIEKGLLHRAFSVFIFNEQGELLLQQRATEKITFPDLWTNTCCSHPLCIDDELGLKGKLDDKIKGAITAAVRKLDHELGIPEDETKTRGKFHFLNRIHYMAPSNEPWGEHEIDYILFYKINAKENLTVNPNVNEVRDFKWVSPNDLKTMFADPSYKFTPWFKIICENYLFNWWEQLDDLSEVENDRQIHRML,240.0,saccharomyces cerevisiae
125,CC/C=C/CC(=O)SCCNC(=O)CCNC(=O)[C@H](O)C(C)(C)COP(=O)(O)OP(=O)(O)OC[C@H]1O[C@@H](n2cnc3c(N)ncnc32)[C@H](O)[C@@H]1OP(=O)(O)O,MSQEIRQNEKISYRIEGPFFIIHLMNPDNLNALEGEDYIYLGELLELADRNRDVYFTIIQSSGRFFSSGADFKGIAKAQGDDTNKYPSETSKWVSNFVARNVYVTDAFIKHSKVLICCLNGPAIGLSAALVALCDIVYSINDKVYLLYPFANLGLITEGGTTVSLPLKFGTNTTYECLMFNKPFKYDIMCENGFISKNFNMPSSNAEAFNAKVLEELREKVKGLYLPSCLGMKKLLKSNHIDAFNKANSVEVNESLKYWVDGEPLKRFRQLGSKQRKHRL,20000.0,saccharomyces cerevisiae
126,CCCCCC/C=C/CC(=O)SCCNC(=O)CCNC(=O)[C@H](O)C(C)(C)COP(=O)(O)OP(=O)(O)OC[C@H]1O[C@@H](n2cnc3c(N)ncnc32)[C@H](O)[C@@H]1OP(=O)(O)O,MSQEIRQNEKISYRIEGPFFIIHLMNPDNLNALEGEDYIYLGELLELADRNRDVYFTIIQSSGRFFSSGADFKGIAKAQGDDTNKYPSETSKWVSNFVARNVYVTDAFIKHSKVLICCLNGPAIGLSAALVALCDIVYSINDKVYLLYPFANLGLITEGGTTVSLPLKFGTNTTYECLMFNKPFKYDIMCENGFISKNFNMPSSNAEAFNAKVLEELREKVKGLYLPSCLGMKKLLKSNHIDAFNKANSVEVNESLKYWVDGEPLKRFRQLGSKQRKHRL,90000.0,saccharomyces cerevisiae
127,COP(=O)(O)OC[C@H]1O[C@@H](n2ccc(N)nc2=O)[C@H](O)[C@@H]1OP(=O)(O)OC[C@H]1O[C@@H](n2ccc(N)nc2=O)[C@H](O)[C@@H]1OP(=O)(O)OC[C@H]1O[C@@H](n2cnc3c(N)ncnc32)[C@H](O)[C@@H]1O,MSFFNISRRFYSQIVKKSVKIKRMSVEDIKKARAAVPFNREQLESVLRGRFFYAPAFDLYGGVSGLYDYGPPGCAFQNNIIDAWRKHFILEEDMLEVDCTMLTPYEVLKTSGHVDKFSDWMCRDLKTGEIFRADHLVEEVLEARLKGDQEARGLVEDANAAAKDDAEKKKRKKKVKQIKAVKLDDDVVKEYEEILAKIDGYSGPELGELMEKYDIGNPVTGETLESPRAFNLMFETAIGPSGQLKGYLRPETAQGQFLNFNKLLEFNNSKTPFASASIGKSFRNEISPRAGLLRVREFLMAEIEHFVDPLDKSHPKFNEIKDIKLSFLPRDVQEAGSTEPIVKTVGEAVASRMVDNETLGYFIARIYQFLMKIGVDESKLRFRQHMANEMAHYAADCWDGELKTSYGWIECVGCADRSAYDLTVHSKKTKEKLVVRQKLDNPIEVTKWEIDLTKKLFGPKFRKDAPKVESHLLNMSQDDLASKAELLKANGKFTIKVDGVDGEVELDDKLVKIEQRTKVEHVREYVPSVIEPSFGIGRIIYSVFEHSFWNRPEDNARSVLSFPPLVAPTKVLLVPLSNHKDLVPVTTEVAKILRKSQIPFKIDDSGVSIGKRYARNDELGTPFGVTIDFESAKDHSVTLRERDSTKQVRGSVENVIKAIRDITYNGASWEEGTKDLTPFIAQAEAEAETD,530.0,saccharomyces cerevisiae
128,COP(=O)(O)OC[C@H]1O[C@@H](n2ccc(N)nc2=O)[C@H](O)[C@@H]1OP(=O)(O)OC[C@H]1O[C@@H](n2ccc(N)nc2=O)[C@H](O)[C@@H]1OP(=O)(O)OC[C@H]1O[C@@H](n2cnc3c(N)ncnc32)[C@H](O)[C@@H]1O,MPLMSNSERDKLESTLRRRFFYTPSFEIYGGVSGLFDLGPPGCQLQNNLIRLWREHFIMEENMLQVDGPMLTPYDVLKTSGHVDKFTDWMCRNPKTGEYYRADHLIEQTLKKRLLDKDVNPQDMKNMEKILTTIDGFSGPELNLVMQEYNINDPVTNDVLDALTSFNLMFETKIGASGQLKAFLRPETAQGQFLNFNKLLEINQGKIPFASASIGKSFRNEISPRSGLLRVREFLMAEIEHFVDPLNKSHAKFNEVLNEEIPLLSRRLQESGEVQLPVKMTIGEAVNSGMVENETLGYFMARVHQFLLNIGINKDKFRFRQHLKNEMAHYATDCWDGEILTSYGWIECVGCADRAAFDLTVHSKKTGRSLTVKQKLDTPKERTEWVVEVNKKFFGSKFKQKAKLIESVLSKFSQDELIRRHEELEKNGEFTCQVNGQIVKLDSSLVTIKMKTTLQHIREYIPNVIEPSFGLGRIIYCIFDHCFQVRVDSESRGFFSFPLQIAPIKVFVTTISNNDGFPAILKRISQALRKREIYFKIDDSNTSIGKKYARNDELGTPFGITIDFETIKDQTVTLRERNSMRQVRGTITDVISTIDKMLHNPDESDWDKSTFGLSPVKI,530.0,saccharomyces cerevisiae
129,N[C@@H](CCC(=O)O)C(=O)O,MPSTLTINGKAPIVAYAELIAARIVNALAPNSIAIKLVDDKKAPAAKLDDATEDVFNKITSKFAAIFDNGDKEQVAKWVNLAQKELVIKNFAKLSQSLETLDSQLNLRTFILGGLKYSAADVACWGALRSNGMCGSIIKNKVDVNVSRWYTLLEMDPIFGEAHDFLSKSLLELKKSANVGKKKETHKANFEIDLPDAKMGEVVTRFPPEPSGYLHIGHAKAALLNQYFAQAYKGKLIIRFDDTNPSKEKEEFQDSILEDLDLLGIKGDRITYSSDYFQEMYDYCVQMIKDGKAYCDDTPTEKMREERMDGVASARRDRSVEENLRIFTEEMKNGTEEGLKNCVRAKIDYKALNKTLRDPVIYRCNLTPHHRTGSTWKIYPTYDFCVPIVDAIEGVTHALRTIEYRDRNAQYDWMLQALRLRKVHIWDFARINFVRTLLSKRKLQWMVDKDLVGNWDDPRFPTVRGVRRRGMTVEGLRNFVLSQGPSRNVINLEWNLIWAFNKKVIDPIAPRHTAIVNPVKIHLEGSEAPQEPKIEMKPKHKKNPAVGEKKVIYYKDIVVDKDDADVINVDEEVTLMDWGNVIITKKNDDGSMVAKLNLEGDFKKTKHKLTWLADTKDVVPVDLVDFDHLITKDRLEEDESFEDFLTPQTEFHTDAIADLNVKDMKIGDIIQFERKGYYRLDALPKDGKPYVFFTIPDGKSVNKYGAKK,0.824,saccharomyces cerevisiae
130,COP(=O)(O)OC[C@H]1O[C@@H](n2ccc(N)nc2=O)[C@H](O)[C@@H]1OP(=O)(O)OC[C@H]1O[C@@H](n2ccc(N)nc2=O)[C@H](O)[C@@H]1OP(=O)(O)OC[C@H]1O[C@@H](n2cnc3c(N)ncnc32)[C@H](O)[C@@H]1O,MPSTLTINGKAPIVAYAELIAARIVNALAPNSIAIKLVDDKKAPAAKLDDATEDVFNKITSKFAAIFDNGDKEQVAKWVNLAQKELVIKNFAKLSQSLETLDSQLNLRTFILGGLKYSAADVACWGALRSNGMCGSIIKNKVDVNVSRWYTLLEMDPIFGEAHDFLSKSLLELKKSANVGKKKETHKANFEIDLPDAKMGEVVTRFPPEPSGYLHIGHAKAALLNQYFAQAYKGKLIIRFDDTNPSKEKEEFQDSILEDLDLLGIKGDRITYSSDYFQEMYDYCVQMIKDGKAYCDDTPTEKMREERMDGVASARRDRSVEENLRIFTEEMKNGTEEGLKNCVRAKIDYKALNKTLRDPVIYRCNLTPHHRTGSTWKIYPTYDFCVPIVDAIEGVTHALRTIEYRDRNAQYDWMLQALRLRKVHIWDFARINFVRTLLSKRKLQWMVDKDLVGNWDDPRFPTVRGVRRRGMTVEGLRNFVLSQGPSRNVINLEWNLIWAFNKKVIDPIAPRHTAIVNPVKIHLEGSEAPQEPKIEMKPKHKKNPAVGEKKVIYYKDIVVDKDDADVINVDEEVTLMDWGNVIITKKNDDGSMVAKLNLEGDFKKTKHKLTWLADTKDVVPVDLVDFDHLITKDRLEEDESFEDFLTPQTEFHTDAIADLNVKDMKIGDIIQFERKGYYRLDALPKDGKPYVFFTIPDGKSVNKYGAKK,1250.0,saccharomyces cerevisiae
131,NC(=O)CC[C@H](N)C(=O)O,MSSVEELTQLFSQVGFEDKKVKEIVKNKKVSDSLYKLIKETPSDYQWNKSTRALVHNLASFVKGTDLPKSELIVNGIINGDLKTSLQVDAAFKYVKANGEASTKMGMNENSGVGIEITEDQVRNYVMQYIQENKERILTERYKLVPGIFADVKNLKELKWADPRSFKPIIDQEVLKLLGPKDERDLIKKKTKNNEKKKTNSAKKSSDNSASSGPKRTMFNEGFLGDLHKVGENPQAYPELMKEHLEVTGGKVRTRFPPEPNGYLHIGHSKAIMVNFGYAKYHNGTCYLRFDDTNPEKEAPEYFESIKRMVSWLGFKPWKITYSSDYFDELYRLAEVLIKNGKAYVCHCTAEEIKRGRGIKEDGTPGGERYACKHRDQSIEQNLQEFRDMRDGKYKPGEAILRMKQDLNSPSPQMWDLIAYRVLNAPHPRTGTKWRIYPTYDFTHCLVDSMENITHSLCTTEFYLSRESYEWLCDQVHVFRPAQREYGRLNITGTVLSKRKIAQLVDEKFVRGWDDPRLFTLEAIRRRGVPPGAILSFINTLGVTTSTTNIQVVRFESAVRKYLEDTTPRLMFVLDPVEVVVDNLSDDYEELATIPYRPGTPEFGERTVPFTNKFYIERSDFSENVDDKEFFRLTPNQPVGLIKVSHTVSFKSLEKDEAGKIIRIHVNYDNKVEEGSKPKKPKTYIQWVPISSKYNSPLRVTETRVYNQLFKSENPSSHPEGFLKDINPESEVVYKESVMEHNFGDVVKNSPWVVDSVKNSEFYVEEDKDSKEVCRFQAMRVGYFTLDKESTTSKVILNRIVSLKDATSK,1.308,saccharomyces cerevisiae
132,COP(=O)(O)OC[C@H]1O[C@@H](n2ccc(N)nc2=O)[C@H](O)[C@@H]1OP(=O)(O)OC[C@H]1O[C@@H](n2ccc(N)nc2=O)[C@H](O)[C@@H]1OP(=O)(O)OC[C@H]1O[C@@H](n2cnc3c(N)ncnc32)[C@H](O)[C@@H]1O,MSSVEELTQLFSQVGFEDKKVKEIVKNKKVSDSLYKLIKETPSDYQWNKSTRALVHNLASFVKGTDLPKSELIVNGIINGDLKTSLQVDAAFKYVKANGEASTKMGMNENSGVGIEITEDQVRNYVMQYIQENKERILTERYKLVPGIFADVKNLKELKWADPRSFKPIIDQEVLKLLGPKDERDLIKKKTKNNEKKKTNSAKKSSDNSASSGPKRTMFNEGFLGDLHKVGENPQAYPELMKEHLEVTGGKVRTRFPPEPNGYLHIGHSKAIMVNFGYAKYHNGTCYLRFDDTNPEKEAPEYFESIKRMVSWLGFKPWKITYSSDYFDELYRLAEVLIKNGKAYVCHCTAEEIKRGRGIKEDGTPGGERYACKHRDQSIEQNLQEFRDMRDGKYKPGEAILRMKQDLNSPSPQMWDLIAYRVLNAPHPRTGTKWRIYPTYDFTHCLVDSMENITHSLCTTEFYLSRESYEWLCDQVHVFRPAQREYGRLNITGTVLSKRKIAQLVDEKFVRGWDDPRLFTLEAIRRRGVPPGAILSFINTLGVTTSTTNIQVVRFESAVRKYLEDTTPRLMFVLDPVEVVVDNLSDDYEELATIPYRPGTPEFGERTVPFTNKFYIERSDFSENVDDKEFFRLTPNQPVGLIKVSHTVSFKSLEKDEAGKIIRIHVNYDNKVEEGSKPKKPKTYIQWVPISSKYNSPLRVTETRVYNQLFKSENPSSHPEGFLKDINPESEVVYKESVMEHNFGDVVKNSPWVVDSVKNSEFYVEEDKDSKEVCRFQAMRVGYFTLDKESTTSKVILNRIVSLKDATSK,7368.4,saccharomyces cerevisiae
